[24окт.2025 23:02:23.904] [main/INFO] [cpw.mods.modlauncher.Launcher/MODLAUNCHER]: ModLauncher running: args [--launchTarget, forgeclientdev, --version, 21.1.209, --assetIndex, 17, --assetsDir, C:\\Users\\xXx\\.gradle\\caches\\neoformruntime\\assets, --gameDir, ., --fml.fmlVersion, 4.0.41, --fml.mcVersion, 1.21.1, --fml.neoForgeVersion, 21.1.209, --fml.neoFormVersion, 20240808.144430]
[24окт.2025 23:02:23.907] [main/INFO] [cpw.mods.modlauncher.Launcher/MODLAUNCHER]: JVM identified as Eclipse Adoptium OpenJDK 64-Bit Server VM 21.0.8+9-LTS
[24окт.2025 23:02:23.910] [main/INFO] [cpw.mods.modlauncher.Launcher/MODLAUNCHER]: ModLauncher 11.0.5+main.901c6ea8 starting: java version 21.0.8 by Eclipse Adoptium; OS Windows 11 arch amd64 version 10.0
[24окт.2025 23:02:23.941] [main/DEBUG] [cpw.mods.modlauncher.LaunchServiceHandler/MODLAUNCHER]: Found launch services [minecraft,forgeclient,forgedatauserdev,testharness,forgeserverdev,forgeserveruserdev,forgejunitdev,forgeclientdev,forgeclientuserdev,forgeserver,forgejunituserdev,forgedatadev]
[24окт.2025 23:02:23.964] [main/DEBUG] [cpw.mods.modlauncher.LaunchPluginHandler/MODLAUNCHER]: Found launch plugins: [mixin,slf4jfixer,runtime_enum_extender,accesstransformer,runtimedistcleaner]
[24окт.2025 23:02:23.980] [main/DEBUG] [cpw.mods.modlauncher.TransformationServicesHandler/MODLAUNCHER]: Discovering transformation services
[24окт.2025 23:02:23.986] [main/DEBUG] [net.neoforged.fml.loading.FMLPaths/CORE]: Path GAMEDIR is C:\Users\xXx\Desktop\Mods_Sources\ComplexityAnalyzer\run
[24окт.2025 23:02:23.986] [main/DEBUG] [net.neoforged.fml.loading.FMLPaths/CORE]: Path MODSDIR is C:\Users\xXx\Desktop\Mods_Sources\ComplexityAnalyzer\run\mods
[24окт.2025 23:02:23.987] [main/DEBUG] [net.neoforged.fml.loading.FMLPaths/CORE]: Path CONFIGDIR is C:\Users\xXx\Desktop\Mods_Sources\ComplexityAnalyzer\run\config
[24окт.2025 23:02:23.987] [main/DEBUG] [net.neoforged.fml.loading.FMLPaths/CORE]: Path FMLCONFIG is C:\Users\xXx\Desktop\Mods_Sources\ComplexityAnalyzer\run\config\fml.toml
[24окт.2025 23:02:24.027] [main/DEBUG] [net.neoforged.fml.loading.targets.CommonLaunchHandler/CORE]: Got mod coordinates complexityanalyzer%%C:\\Users\\xXx\\Desktop\\Mods_Sources\\ComplexityAnalyzer\\build\\classes\\java\\main;complexityanalyzer%%C:\\Users\\xXx\\Desktop\\Mods_Sources\\ComplexityAnalyzer\\build\\resources\\main from env
[24окт.2025 23:02:24.029] [main/DEBUG] [net.neoforged.fml.loading.targets.CommonLaunchHandler/CORE]: Found supplied mod coordinates [{complexityanalyzer=[C:\Users\xXx\Desktop\Mods_Sources\ComplexityAnalyzer\build\classes\java\main, C:\Users\xXx\Desktop\Mods_Sources\ComplexityAnalyzer\build\resources\main]}]
[24окт.2025 23:02:24.032] [main/DEBUG] [cpw.mods.modlauncher.TransformationServicesHandler/MODLAUNCHER]: Found additional transformation services from discovery services: 
[24окт.2025 23:02:24.039] [main/INFO] [net.neoforged.fml.loading.ImmediateWindowHandler/]: Loading ImmediateWindowProvider fmlearlywindow
[24окт.2025 23:02:24.155] [main/INFO] [EARLYDISPLAY/]: Trying GL version 4.6
[24окт.2025 23:02:24.307] [main/INFO] [EARLYDISPLAY/]: Requested GL version 4.6 got version 4.6
[24окт.2025 23:02:24.365] [main/DEBUG] [cpw.mods.modlauncher.TransformationServicesHandler/MODLAUNCHER]: Found transformer services : [mixin,fml]
[24окт.2025 23:02:24.365] [main/DEBUG] [cpw.mods.modlauncher.TransformationServicesHandler/MODLAUNCHER]: Transformation services loading
[24окт.2025 23:02:24.366] [main/DEBUG] [cpw.mods.modlauncher.TransformationServiceDecorator/MODLAUNCHER]: Loading service mixin
[24окт.2025 23:02:24.366] [main/DEBUG] [cpw.mods.modlauncher.TransformationServiceDecorator/MODLAUNCHER]: Loaded service mixin
[24окт.2025 23:02:24.366] [main/DEBUG] [cpw.mods.modlauncher.TransformationServiceDecorator/MODLAUNCHER]: Loading service fml
[24окт.2025 23:02:24.367] [main/DEBUG] [net.neoforged.fml.loading.FMLLoader/CORE]: FML 4.0.41 loading
[24окт.2025 23:02:24.367] [main/DEBUG] [net.neoforged.fml.loading.FMLLoader/CORE]: FML found ModLauncher version : 11.0.5+main.901c6ea8
[24окт.2025 23:02:24.367] [main/DEBUG] [net.neoforged.fml.loading.FMLLoader/CORE]: FML found AccessTransformer version : 10.0.1+139da711
[24окт.2025 23:02:24.368] [main/DEBUG] [net.neoforged.fml.loading.FMLLoader/CORE]: FML found EventBus version : null
[24окт.2025 23:02:24.368] [main/DEBUG] [net.neoforged.fml.loading.FMLLoader/CORE]: Found Runtime Dist Cleaner
[24окт.2025 23:02:24.369] [main/DEBUG] [cpw.mods.modlauncher.TransformationServiceDecorator/MODLAUNCHER]: Loaded service fml
[24окт.2025 23:02:24.369] [main/DEBUG] [cpw.mods.modlauncher.TransformationServicesHandler/MODLAUNCHER]: Configuring option handling for services
[24окт.2025 23:02:24.384] [main/DEBUG] [net.neoforged.fml.loading.FMLServiceProvider/CORE]: Received command line version data  : VersionInfo[neoForgeVersion=21.1.209, fmlVersion=4.0.41, mcVersion=1.21.1, neoFormVersion=20240808.144430]
[24окт.2025 23:02:24.384] [main/DEBUG] [cpw.mods.modlauncher.TransformationServicesHandler/MODLAUNCHER]: Transformation services initializing
[24окт.2025 23:02:24.385] [main/DEBUG] [cpw.mods.modlauncher.TransformationServiceDecorator/MODLAUNCHER]: Initializing transformation service mixin
[24окт.2025 23:02:24.397] [main/DEBUG] [mixin/]: MixinService [ModLauncher] was successfully booted in cpw.mods.cl.ModuleClassLoader@289d1c02
[24окт.2025 23:02:24.413] [main/INFO] [mixin/]: SpongePowered MIXIN Subsystem Version=0.8.7 Source=union:/C:/Users/xXx/.gradle/caches/modules-2/files-2.1/net.fabricmc/sponge-mixin/0.15.2+mixin.0.8.7/2af2f021d8e02a0220dc27a7a72b4666d66d44ca/sponge-mixin-0.15.2+mixin.0.8.7.jar%23138!/ Service=ModLauncher Env=CLIENT
[24окт.2025 23:02:24.415] [main/DEBUG] [mixin/]: Initialising Mixin Platform Manager
[24окт.2025 23:02:24.415] [main/DEBUG] [mixin/]: Adding mixin platform agents for container ModLauncher Root Container(ModLauncher:4f56a0a2)
[24окт.2025 23:02:24.416] [main/DEBUG] [mixin/]: Instancing new MixinPlatformAgentMinecraftForge for ModLauncher Root Container(ModLauncher:4f56a0a2)
[24окт.2025 23:02:24.416] [main/DEBUG] [mixin/]: MixinPlatformAgentMinecraftForge rejected container ModLauncher Root Container(ModLauncher:4f56a0a2)
[24окт.2025 23:02:24.417] [main/DEBUG] [mixin/]: Instancing new MixinPlatformAgentDefault for ModLauncher Root Container(ModLauncher:4f56a0a2)
[24окт.2025 23:02:24.417] [main/DEBUG] [mixin/]: MixinPlatformAgentDefault accepted container ModLauncher Root Container(ModLauncher:4f56a0a2)
[24окт.2025 23:02:24.419] [main/DEBUG] [cpw.mods.modlauncher.TransformationServiceDecorator/MODLAUNCHER]: Initialized transformation service mixin
[24окт.2025 23:02:24.419] [main/DEBUG] [cpw.mods.modlauncher.TransformationServiceDecorator/MODLAUNCHER]: Initializing transformation service fml
[24окт.2025 23:02:24.419] [main/DEBUG] [net.neoforged.fml.loading.FMLServiceProvider/CORE]: Setting up basic FML game directories
[24окт.2025 23:02:24.420] [main/DEBUG] [net.neoforged.fml.loading.FMLPaths/CORE]: Path GAMEDIR is C:\Users\xXx\Desktop\Mods_Sources\ComplexityAnalyzer\run
[24окт.2025 23:02:24.420] [main/DEBUG] [net.neoforged.fml.loading.FMLPaths/CORE]: Path MODSDIR is C:\Users\xXx\Desktop\Mods_Sources\ComplexityAnalyzer\run\mods
[24окт.2025 23:02:24.420] [main/DEBUG] [net.neoforged.fml.loading.FMLPaths/CORE]: Path CONFIGDIR is C:\Users\xXx\Desktop\Mods_Sources\ComplexityAnalyzer\run\config
[24окт.2025 23:02:24.420] [main/DEBUG] [net.neoforged.fml.loading.FMLPaths/CORE]: Path FMLCONFIG is C:\Users\xXx\Desktop\Mods_Sources\ComplexityAnalyzer\run\config\fml.toml
[24окт.2025 23:02:24.420] [main/DEBUG] [net.neoforged.fml.loading.FMLServiceProvider/CORE]: Loading configuration
[24окт.2025 23:02:24.423] [main/DEBUG] [net.neoforged.fml.loading.FMLServiceProvider/CORE]: Preparing launch handler
[24окт.2025 23:02:24.423] [main/DEBUG] [net.neoforged.fml.loading.FMLLoader/CORE]: Using forgeclientdev as launch service
[24окт.2025 23:02:24.425] [main/DEBUG] [cpw.mods.modlauncher.TransformationServiceDecorator/MODLAUNCHER]: Initialized transformation service fml
[24окт.2025 23:02:24.426] [main/DEBUG] [cpw.mods.modlauncher.TransformationServicesHandler/MODLAUNCHER]: Transformation services begin scanning
[24окт.2025 23:02:24.426] [main/DEBUG] [cpw.mods.modlauncher.TransformationServiceDecorator/MODLAUNCHER]: Beginning scan trigger - transformation service mixin
[24окт.2025 23:02:24.427] [main/DEBUG] [cpw.mods.modlauncher.TransformationServiceDecorator/MODLAUNCHER]: End scan trigger - transformation service mixin
[24окт.2025 23:02:24.427] [main/DEBUG] [cpw.mods.modlauncher.TransformationServiceDecorator/MODLAUNCHER]: Beginning scan trigger - transformation service fml
[24окт.2025 23:02:24.427] [main/DEBUG] [net.neoforged.fml.loading.FMLServiceProvider/CORE]: Initiating mod scan
[24окт.2025 23:02:24.427] [main/DEBUG] [net.neoforged.fml.loading.targets.CommonLaunchHandler/CORE]: Got mod coordinates complexityanalyzer%%C:\\Users\\xXx\\Desktop\\Mods_Sources\\ComplexityAnalyzer\\build\\classes\\java\\main;complexityanalyzer%%C:\\Users\\xXx\\Desktop\\Mods_Sources\\ComplexityAnalyzer\\build\\resources\\main from env
[24окт.2025 23:02:24.427] [main/DEBUG] [net.neoforged.fml.loading.targets.CommonLaunchHandler/CORE]: Found supplied mod coordinates [{complexityanalyzer=[C:\Users\xXx\Desktop\Mods_Sources\ComplexityAnalyzer\build\classes\java\main, C:\Users\xXx\Desktop\Mods_Sources\ComplexityAnalyzer\build\resources\main]}]
[24окт.2025 23:02:24.429] [main/DEBUG] [net.neoforged.fml.loading.targets.CommonDevLaunchHandler/]: Launching with NeoForge from C:\Users\xXx\Desktop\Mods_Sources\ComplexityAnalyzer\build\moddev\artifacts\neoforge-21.1.209.jar
[24окт.2025 23:02:24.441] [main/DEBUG] [net.neoforged.fml.util.ServiceLoaderUtil/CORE]: Found 4 implementations of IModFileCandidateLocator:
[24окт.2025 23:02:24.442] [main/DEBUG] [net.neoforged.fml.util.ServiceLoaderUtil/CORE]: 	       0 - [built-in] net.neoforged.fml.loading.moddiscovery.locators.NeoForgeDevProvider from loader-4.0.41.jar
[24окт.2025 23:02:24.442] [main/DEBUG] [net.neoforged.fml.util.ServiceLoaderUtil/CORE]: 	       0 - net.neoforged.fml.loading.moddiscovery.locators.ModsFolderLocator from loader-4.0.41.jar
[24окт.2025 23:02:24.443] [main/DEBUG] [net.neoforged.fml.util.ServiceLoaderUtil/CORE]: 	       0 - net.neoforged.fml.loading.moddiscovery.locators.MavenDirectoryLocator from loader-4.0.41.jar
[24окт.2025 23:02:24.443] [main/DEBUG] [net.neoforged.fml.util.ServiceLoaderUtil/CORE]: 	   -1000 - [built-in] net.neoforged.fml.loading.moddiscovery.locators.UserdevLocator from loader-4.0.41.jar
[24окт.2025 23:02:24.444] [main/DEBUG] [net.neoforged.fml.util.ServiceLoaderUtil/CORE]: Found 2 implementations of IModFileReader:
[24окт.2025 23:02:24.445] [main/DEBUG] [net.neoforged.fml.util.ServiceLoaderUtil/CORE]: 	       0 - net.neoforged.fml.loading.moddiscovery.readers.JarModsDotTomlModFileReader from loader-4.0.41.jar
[24окт.2025 23:02:24.445] [main/DEBUG] [net.neoforged.fml.util.ServiceLoaderUtil/CORE]: 	   -1000 - net.neoforged.fml.loading.moddiscovery.readers.NestedLibraryModReader from loader-4.0.41.jar
[24окт.2025 23:02:24.446] [main/DEBUG] [net.neoforged.fml.util.ServiceLoaderUtil/CORE]: Found 1 implementations of IDependencyLocator:
[24окт.2025 23:02:24.447] [main/DEBUG] [net.neoforged.fml.util.ServiceLoaderUtil/CORE]: 	       0 - net.neoforged.fml.loading.moddiscovery.locators.JarInJarDependencyLocator from loader-4.0.41.jar
[24окт.2025 23:02:24.563] [main/DEBUG] [net.neoforged.fml.loading.moddiscovery.ModFileInfo/LOADING]: Found valid mod file neoforge-21.1.209.jar with {minecraft} mods - versions {1.21.1}
[24окт.2025 23:02:24.568] [main/DEBUG] [net.neoforged.fml.loading.moddiscovery.ModFileParser/LOADING]: Considering mod file candidate C:\Users\xXx\Desktop\Mods_Sources\ComplexityAnalyzer\build\moddev\artifacts\neoforge-21.1.209.jar
[24окт.2025 23:02:24.582] [main/DEBUG] [net.neoforged.fml.loading.moddiscovery.ModFileInfo/LOADING]: Found valid mod file neoforge-21.1.209.jar with {neoforge} mods - versions {21.1.209}
[24окт.2025 23:02:24.585] [main/DEBUG] [net.neoforged.fml.loading.moddiscovery.ModListHandler/CORE]: Found mod coordinates from lists: []
[24окт.2025 23:02:24.588] [main/DEBUG] [net.neoforged.fml.loading.moddiscovery.ModFileParser/LOADING]: Considering mod file candidate C:\Users\xXx\Desktop\Mods_Sources\ComplexityAnalyzer\build\classes\java\main
[24окт.2025 23:02:24.592] [main/DEBUG] [net.neoforged.fml.loading.moddiscovery.ModFileInfo/LOADING]: Found valid mod file main with {complexityanalyzer} mods - versions {1.0.0}
[24окт.2025 23:02:24.602] [main/DEBUG] [net.neoforged.fml.loading.moddiscovery.ModFileParser/LOADING]: Considering mod file candidate C:\Users\xXx\Desktop\Mods_Sources\ComplexityAnalyzer\build\moddev\artifacts\neoforge-21.1.209.jar
[24окт.2025 23:02:24.603] [main/DEBUG] [net.neoforged.fml.loading.moddiscovery.ModFileInfo/LOADING]: Found valid mod file neoforge-21.1.209.jar with {neoforge} mods - versions {21.1.209}
[24окт.2025 23:02:24.621] [main/DEBUG] [net.neoforged.fml.loading.moddiscovery.ModDiscoverer/]: Skipping C:\Users\xXx\.gradle\caches\modules-2\files-2.1\net.neoforged.fancymodloader\earlydisplay\4.0.41\53dfbd387ed1b88c7d144bdb6551b7f57d5da6d7\earlydisplay-4.0.41.jar because it was already located earlier
[24окт.2025 23:02:24.621] [main/DEBUG] [net.neoforged.fml.loading.moddiscovery.ModDiscoverer/]: Skipping C:\Users\xXx\.gradle\caches\modules-2\files-2.1\net.neoforged.fancymodloader\loader\4.0.41\3aebc81b9347fa87bb629ffaed20276f2a4c944e\loader-4.0.41.jar because it was already located earlier
[24окт.2025 23:02:24.621] [main/DEBUG] [net.neoforged.fml.loading.moddiscovery.ModDiscoverer/]: Skipping C:\Users\xXx\.gradle\caches\modules-2\files-2.1\net.neoforged.accesstransformers\at-modlauncher\10.0.1\5aba50202aceead086bc09fbc2751c9f05cb4890\at-modlauncher-10.0.1.jar because it was already located earlier
[24окт.2025 23:02:24.621] [main/DEBUG] [net.neoforged.fml.loading.moddiscovery.ModDiscoverer/]: Skipping C:\Users\xXx\.gradle\caches\modules-2\files-2.1\net.neoforged\accesstransformers\10.0.1\fd83b5725f76eae9115e9355fa1c456a6a441400\accesstransformers-10.0.1.jar because it was already located earlier
[24окт.2025 23:02:24.621] [main/DEBUG] [net.neoforged.fml.loading.moddiscovery.ModDiscoverer/]: Skipping C:\Users\xXx\.gradle\caches\modules-2\files-2.1\net.neoforged\bus\8.0.5\5b2d33285ab5d1554e9798ad98c40d6ea3868bd5\bus-8.0.5.jar because it was already located earlier
[24окт.2025 23:02:24.621] [main/DEBUG] [net.neoforged.fml.loading.moddiscovery.ModDiscoverer/]: Skipping C:\Users\xXx\.gradle\caches\modules-2\files-2.1\net.neoforged\coremods\7.0.3\9147e6f638b4272b3bd5fc8f92ad37802512c6c\coremods-7.0.3.jar because it was already located earlier
[24окт.2025 23:02:24.622] [main/DEBUG] [net.neoforged.fml.loading.moddiscovery.ModDiscoverer/]: Skipping C:\Users\xXx\.gradle\caches\modules-2\files-2.1\cpw.mods\modlauncher\11.0.5\b8f0d49294f733fdb6173931b263553e943dc950\modlauncher-11.0.5.jar because it was already located earlier
[24окт.2025 23:02:24.622] [main/DEBUG] [net.neoforged.fml.loading.moddiscovery.ModDiscoverer/]: Skipping C:\Users\xXx\.gradle\caches\modules-2\files-2.1\net.neoforged\mergetool\2.0.0\52fe1949be64e3303aabaaa21e315f551db9c9f4\mergetool-2.0.0-api.jar because it was already located earlier
[24окт.2025 23:02:24.622] [main/DEBUG] [net.neoforged.fml.loading.moddiscovery.ModDiscoverer/]: Skipping C:\Users\xXx\.gradle\caches\modules-2\files-2.1\com.electronwill.night-config\toml\3.8.3\90b2fd6efcb4a7d5b9810cf78f9d824994d717f2\toml-3.8.3.jar because it was already located earlier
[24окт.2025 23:02:24.622] [main/DEBUG] [net.neoforged.fml.loading.moddiscovery.ModDiscoverer/]: Skipping C:\Users\xXx\.gradle\caches\modules-2\files-2.1\com.electronwill.night-config\core\3.8.3\b442a95f09e349927f5a945ecb594455870fcf4f\core-3.8.3.jar because it was already located earlier
[24окт.2025 23:02:24.622] [main/DEBUG] [net.neoforged.fml.loading.moddiscovery.ModDiscoverer/]: Skipping C:\Users\xXx\.gradle\caches\modules-2\files-2.1\net.neoforged\JarJarSelector\0.4.1\fb3cc7a58af22ad2880adb98af6d518128c47dae\JarJarSelector-0.4.1.jar because it was already located earlier
[24окт.2025 23:02:24.622] [main/DEBUG] [net.neoforged.fml.loading.moddiscovery.ModDiscoverer/]: Skipping C:\Users\xXx\.gradle\caches\modules-2\files-2.1\net.neoforged\JarJarMetadata\0.4.1\f8da03683dc81694556dc3e177c5e3bb77ae6fcb\JarJarMetadata-0.4.1.jar because it was already located earlier
[24окт.2025 23:02:24.622] [main/DEBUG] [net.neoforged.fml.loading.moddiscovery.ModDiscoverer/]: Skipping C:\Users\xXx\.gradle\caches\modules-2\files-2.1\org.apache.maven\maven-artifact\3.8.5\4433f50c07debefaed0553bd0068f4f48d449313\maven-artifact-3.8.5.jar because it was already located earlier
[24окт.2025 23:02:24.622] [main/DEBUG] [net.neoforged.fml.loading.moddiscovery.ModDiscoverer/]: Skipping C:\Users\xXx\.gradle\caches\modules-2\files-2.1\net.jodah\typetools\0.6.3\a01aaa6ddaea9ec07ec4f209487b7a46a526283a\typetools-0.6.3.jar because it was already located earlier
[24окт.2025 23:02:24.623] [main/DEBUG] [net.neoforged.fml.loading.moddiscovery.ModDiscoverer/]: Skipping C:\Users\xXx\.gradle\caches\modules-2\files-2.1\net.minecrell\terminalconsoleappender\1.3.0\b562e9bb61235c9520e26282cdee71f8f802d1fc\terminalconsoleappender-1.3.0.jar because it was already located earlier
[24окт.2025 23:02:24.623] [main/DEBUG] [net.neoforged.fml.loading.moddiscovery.ModDiscoverer/]: Skipping C:\Users\xXx\.gradle\caches\modules-2\files-2.1\net.fabricmc\sponge-mixin\0.15.2+mixin.0.8.7\2af2f021d8e02a0220dc27a7a72b4666d66d44ca\sponge-mixin-0.15.2+mixin.0.8.7.jar because it was already located earlier
[24окт.2025 23:02:24.623] [main/DEBUG] [net.neoforged.fml.loading.moddiscovery.ModDiscoverer/]: Skipping C:\Users\xXx\.gradle\caches\modules-2\files-2.1\org.openjdk.nashorn\nashorn-core\15.4\f67f5ffaa5f5130cf6fb9b133da00c7df3b532a5\nashorn-core-15.4.jar because it was already located earlier
[24окт.2025 23:02:24.623] [main/DEBUG] [net.neoforged.fml.loading.moddiscovery.ModDiscoverer/]: Skipping C:\Users\xXx\.gradle\caches\modules-2\files-2.1\org.apache.commons\commons-lang3\3.14.0\1ed471194b02f2c6cb734a0cd6f6f107c673afae\commons-lang3-3.14.0.jar because it was already located earlier
[24окт.2025 23:02:24.623] [main/DEBUG] [net.neoforged.fml.loading.moddiscovery.ModDiscoverer/]: Skipping C:\Users\xXx\.gradle\caches\modules-2\files-2.1\net.sf.jopt-simple\jopt-simple\5.0.4\4fdac2fbe92dfad86aa6e9301736f6b4342a3f5c\jopt-simple-5.0.4.jar because it was already located earlier
[24окт.2025 23:02:24.623] [main/DEBUG] [net.neoforged.fml.loading.moddiscovery.ModDiscoverer/]: Skipping C:\Users\xXx\.gradle\caches\modules-2\files-2.1\commons-io\commons-io\2.15.1\f11560da189ab563a5c8e351941415430e9304ea\commons-io-2.15.1.jar because it was already located earlier
[24окт.2025 23:02:24.623] [main/DEBUG] [net.neoforged.fml.loading.moddiscovery.ModDiscoverer/]: Skipping C:\Users\xXx\.gradle\caches\modules-2\files-2.1\com.mojang\logging\1.2.7\24cb95ffb0e3433fd6e844c04e68009e504ca1c0\logging-1.2.7.jar because it was already located earlier
[24окт.2025 23:02:24.624] [main/DEBUG] [net.neoforged.fml.loading.moddiscovery.ModDiscoverer/]: Skipping C:\Users\xXx\.gradle\caches\modules-2\files-2.1\org.apache.logging.log4j\log4j-slf4j2-impl\2.22.1\d7e6693c2606cb7e7335047d7bb96dec52db5665\log4j-slf4j2-impl-2.22.1.jar because it was already located earlier
[24окт.2025 23:02:24.624] [main/DEBUG] [net.neoforged.fml.loading.moddiscovery.ModDiscoverer/]: Skipping C:\Users\xXx\.gradle\caches\modules-2\files-2.1\org.apache.logging.log4j\log4j-core\2.22.1\7183a25510a02ad00cc6a95d3b3d2a7d3c5a8dc4\log4j-core-2.22.1.jar because it was already located earlier
[24окт.2025 23:02:24.624] [main/DEBUG] [net.neoforged.fml.loading.moddiscovery.ModDiscoverer/]: Skipping C:\Users\xXx\.gradle\caches\modules-2\files-2.1\org.apache.logging.log4j\log4j-api\2.22.1\bea6fede6328fabafd7e68363161a7ea6605abd1\log4j-api-2.22.1.jar because it was already located earlier
[24окт.2025 23:02:24.624] [main/DEBUG] [net.neoforged.fml.loading.moddiscovery.ModDiscoverer/]: Skipping C:\Users\xXx\.gradle\caches\modules-2\files-2.1\com.google.guava\guava\32.1.2-jre\5e64ec7e056456bef3a4bc4c6fdaef71e8ab6318\guava-32.1.2-jre.jar because it was already located earlier
[24окт.2025 23:02:24.624] [main/DEBUG] [net.neoforged.fml.loading.moddiscovery.ModDiscoverer/]: Skipping C:\Users\xXx\.gradle\caches\modules-2\files-2.1\com.google.code.gson\gson\2.10.1\b3add478d4382b78ea20b1671390a858002feb6c\gson-2.10.1.jar because it was already located earlier
[24окт.2025 23:02:24.624] [main/DEBUG] [net.neoforged.fml.loading.moddiscovery.ModDiscoverer/]: Skipping C:\Users\xXx\.gradle\caches\modules-2\files-2.1\org.slf4j\slf4j-api\2.0.9\7cf2726fdcfbc8610f9a71fb3ed639871f315340\slf4j-api-2.0.9.jar because it was already located earlier
[24окт.2025 23:02:24.624] [main/DEBUG] [net.neoforged.fml.loading.moddiscovery.ModDiscoverer/]: Skipping C:\Users\xXx\.gradle\caches\modules-2\files-2.1\org.antlr\antlr4-runtime\4.13.1\17125bae1d965624e265ef49552f6465a2bfa307\antlr4-runtime-4.13.1.jar because it was already located earlier
[24окт.2025 23:02:24.624] [main/DEBUG] [net.neoforged.fml.loading.moddiscovery.ModDiscoverer/]: Skipping C:\Users\xXx\.gradle\caches\modules-2\files-2.1\net.minecraftforge\srgutils\0.4.15\ca408b131759478f164e010fae0d73997e125fb5\srgutils-0.4.15.jar because it was already located earlier
[24окт.2025 23:02:24.624] [main/DEBUG] [net.neoforged.fml.loading.moddiscovery.ModDiscoverer/]: Skipping C:\Users\xXx\.gradle\caches\modules-2\files-2.1\org.codehaus.plexus\plexus-utils\3.3.0\cf43b5391de623b36fe066a21127baef82c64022\plexus-utils-3.3.0.jar because it was already located earlier
[24окт.2025 23:02:24.624] [main/DEBUG] [net.neoforged.fml.loading.moddiscovery.ModDiscoverer/]: Skipping C:\Users\xXx\.gradle\caches\modules-2\files-2.1\org.jline\jline-reader\3.20.0\8f15415b022a25b473e8e16c28ae913186ffb9c4\jline-reader-3.20.0.jar because it was already located earlier
[24окт.2025 23:02:24.624] [main/DEBUG] [net.neoforged.fml.loading.moddiscovery.ModDiscoverer/]: Skipping C:\Users\xXx\.gradle\caches\modules-2\files-2.1\com.machinezoo.noexception\noexception\1.7.1\b65330c98e38a1f915fa54a6e5eca496505e3f0a\noexception-1.7.1.jar because it was already located earlier
[24окт.2025 23:02:24.625] [main/DEBUG] [net.neoforged.fml.loading.moddiscovery.ModDiscoverer/]: Skipping C:\Users\xXx\.gradle\caches\modules-2\files-2.1\com.github.oshi\oshi-core\6.4.10\b1d8ab82d11d92fd639b56d639f8f46f739dd5fa\oshi-core-6.4.10.jar because it was already located earlier
[24окт.2025 23:02:24.625] [main/DEBUG] [net.neoforged.fml.loading.moddiscovery.ModDiscoverer/]: Skipping C:\Users\xXx\.gradle\caches\modules-2\files-2.1\com.google.guava\failureaccess\1.0.1\1dcf1de382a0bf95a3d8b0849546c88bac1292c9\failureaccess-1.0.1.jar because it was already located earlier
[24окт.2025 23:02:24.625] [main/DEBUG] [net.neoforged.fml.loading.moddiscovery.ModDiscoverer/]: Skipping C:\Users\xXx\.gradle\caches\modules-2\files-2.1\com.ibm.icu\icu4j\73.2\61ad4ef7f9131fcf6d25c34b817f90d6da06c9e9\icu4j-73.2.jar because it was already located earlier
[24окт.2025 23:02:24.625] [main/DEBUG] [net.neoforged.fml.loading.moddiscovery.ModDiscoverer/]: Skipping C:\Users\xXx\.gradle\caches\modules-2\files-2.1\com.mojang\authlib\6.0.54\de8bc95660e1b2fe8793fd427a7a10dcec5b3ea7\authlib-6.0.54.jar because it was already located earlier
[24окт.2025 23:02:24.625] [main/DEBUG] [net.neoforged.fml.loading.moddiscovery.ModDiscoverer/]: Skipping C:\Users\xXx\.gradle\caches\modules-2\files-2.1\com.mojang\blocklist\1.0.10\5c685c5ffa94c4cd39496c7184c1d122e515ecef\blocklist-1.0.10.jar because it was already located earlier
[24окт.2025 23:02:24.625] [main/DEBUG] [net.neoforged.fml.loading.moddiscovery.ModDiscoverer/]: Skipping C:\Users\xXx\.gradle\caches\modules-2\files-2.1\com.mojang\brigadier\1.3.10\d15b53a14cf20fdcaa98f731af5dda654452c010\brigadier-1.3.10.jar because it was already located earlier
[24окт.2025 23:02:24.625] [main/DEBUG] [net.neoforged.fml.loading.moddiscovery.ModDiscoverer/]: Skipping C:\Users\xXx\.gradle\caches\modules-2\files-2.1\com.mojang\datafixerupper\8.0.16\67d4de6d7f95d89bcf5862995fb854ebaec02a34\datafixerupper-8.0.16.jar because it was already located earlier
[24окт.2025 23:02:24.625] [main/DEBUG] [net.neoforged.fml.loading.moddiscovery.ModDiscoverer/]: Skipping C:\Users\xXx\.gradle\caches\modules-2\files-2.1\com.mojang\patchy\2.2.10\da05971b07cbb379d002cf7eaec6a2048211fefc\patchy-2.2.10.jar because it was already located earlier
[24окт.2025 23:02:24.625] [main/DEBUG] [net.neoforged.fml.loading.moddiscovery.ModDiscoverer/]: Skipping C:\Users\xXx\.gradle\caches\modules-2\files-2.1\com.mojang\text2speech\1.17.9\3cad216e3a7f0c19b4b394388bc9ffc446f13b14\text2speech-1.17.9.jar because it was already located earlier
[24окт.2025 23:02:24.625] [main/DEBUG] [net.neoforged.fml.loading.moddiscovery.ModDiscoverer/]: Skipping C:\Users\xXx\.gradle\caches\modules-2\files-2.1\commons-codec\commons-codec\1.16.0\4e3eb3d79888d76b54e28b350915b5dc3919c9de\commons-codec-1.16.0.jar because it was already located earlier
[24окт.2025 23:02:24.626] [main/DEBUG] [net.neoforged.fml.loading.moddiscovery.ModDiscoverer/]: Skipping C:\Users\xXx\.gradle\caches\modules-2\files-2.1\commons-logging\commons-logging\1.2\4bfc12adfe4842bf07b657f0369c4cb522955686\commons-logging-1.2.jar because it was already located earlier
[24окт.2025 23:02:24.626] [main/DEBUG] [net.neoforged.fml.loading.moddiscovery.ModDiscoverer/]: Skipping C:\Users\xXx\.gradle\caches\modules-2\files-2.1\io.netty\netty-buffer\4.1.97.Final\f8f3d8644afa5e6e1a40a3a6aeb9d9aa970ecb4f\netty-buffer-4.1.97.Final.jar because it was already located earlier
[24окт.2025 23:02:24.626] [main/DEBUG] [net.neoforged.fml.loading.moddiscovery.ModDiscoverer/]: Skipping C:\Users\xXx\.gradle\caches\modules-2\files-2.1\io.netty\netty-codec\4.1.97.Final\384ba4d75670befbedb45c4d3b497a93639c206d\netty-codec-4.1.97.Final.jar because it was already located earlier
[24окт.2025 23:02:24.626] [main/DEBUG] [net.neoforged.fml.loading.moddiscovery.ModDiscoverer/]: Skipping C:\Users\xXx\.gradle\caches\modules-2\files-2.1\io.netty\netty-common\4.1.97.Final\7cceacaf11df8dc63f23d0fb58e9d4640fc88404\netty-common-4.1.97.Final.jar because it was already located earlier
[24окт.2025 23:02:24.626] [main/DEBUG] [net.neoforged.fml.loading.moddiscovery.ModDiscoverer/]: Skipping C:\Users\xXx\.gradle\caches\modules-2\files-2.1\io.netty\netty-handler\4.1.97.Final\abb86c6906bf512bf2b797a41cd7d2e8d3cd7c36\netty-handler-4.1.97.Final.jar because it was already located earlier
[24окт.2025 23:02:24.626] [main/DEBUG] [net.neoforged.fml.loading.moddiscovery.ModDiscoverer/]: Skipping C:\Users\xXx\.gradle\caches\modules-2\files-2.1\io.netty\netty-resolver\4.1.97.Final\cec8348108dc76c47cf87c669d514be52c922144\netty-resolver-4.1.97.Final.jar because it was already located earlier
[24окт.2025 23:02:24.626] [main/DEBUG] [net.neoforged.fml.loading.moddiscovery.ModDiscoverer/]: Skipping C:\Users\xXx\.gradle\caches\modules-2\files-2.1\io.netty\netty-transport-classes-epoll\4.1.97.Final\795da37ded759e862457a82d9d92c4d39ce8ecee\netty-transport-classes-epoll-4.1.97.Final.jar because it was already located earlier
[24окт.2025 23:02:24.626] [main/DEBUG] [net.neoforged.fml.loading.moddiscovery.ModDiscoverer/]: Skipping C:\Users\xXx\.gradle\caches\modules-2\files-2.1\io.netty\netty-transport-native-unix-common\4.1.97.Final\d469d84265ab70095b01b40886cabdd433b6e664\netty-transport-native-unix-common-4.1.97.Final.jar because it was already located earlier
[24окт.2025 23:02:24.626] [main/DEBUG] [net.neoforged.fml.loading.moddiscovery.ModDiscoverer/]: Skipping C:\Users\xXx\.gradle\caches\modules-2\files-2.1\io.netty\netty-transport\4.1.97.Final\f37380d23c9bb079bc702910833b2fd532c9abd0\netty-transport-4.1.97.Final.jar because it was already located earlier
[24окт.2025 23:02:24.626] [main/DEBUG] [net.neoforged.fml.loading.moddiscovery.ModDiscoverer/]: Skipping C:\Users\xXx\.gradle\caches\modules-2\files-2.1\it.unimi.dsi\fastutil\8.5.12\c24946d46824bd528054bface3231d2ecb7e95e8\fastutil-8.5.12.jar because it was already located earlier
[24окт.2025 23:02:24.627] [main/DEBUG] [net.neoforged.fml.loading.moddiscovery.ModDiscoverer/]: Skipping C:\Users\xXx\.gradle\caches\modules-2\files-2.1\net.java.dev.jna\jna-platform\5.14.0\28934d48aed814f11e4c584da55c49fa7032b31b\jna-platform-5.14.0.jar because it was already located earlier
[24окт.2025 23:02:24.627] [main/DEBUG] [net.neoforged.fml.loading.moddiscovery.ModDiscoverer/]: Skipping C:\Users\xXx\.gradle\caches\modules-2\files-2.1\net.java.dev.jna\jna\5.14.0\67bf3eaea4f0718cb376a181a629e5f88fa1c9dd\jna-5.14.0.jar because it was already located earlier
[24окт.2025 23:02:24.627] [main/DEBUG] [net.neoforged.fml.loading.moddiscovery.ModDiscoverer/]: Skipping C:\Users\xXx\.gradle\caches\modules-2\files-2.1\org.apache.commons\commons-compress\1.26.0\659feffdd12280201c8aacb8f7be94f9a883c824\commons-compress-1.26.0.jar because it was already located earlier
[24окт.2025 23:02:24.627] [main/DEBUG] [net.neoforged.fml.loading.moddiscovery.ModDiscoverer/]: Skipping C:\Users\xXx\.gradle\caches\modules-2\files-2.1\org.apache.httpcomponents\httpclient\4.5.13\e5f6cae5ca7ecaac1ec2827a9e2d65ae2869cada\httpclient-4.5.13.jar because it was already located earlier
[24окт.2025 23:02:24.627] [main/DEBUG] [net.neoforged.fml.loading.moddiscovery.ModDiscoverer/]: Skipping C:\Users\xXx\.gradle\caches\modules-2\files-2.1\org.apache.httpcomponents\httpcore\4.4.16\51cf043c87253c9f58b539c9f7e44c8894223850\httpcore-4.4.16.jar because it was already located earlier
[24окт.2025 23:02:24.627] [main/DEBUG] [net.neoforged.fml.loading.moddiscovery.ModDiscoverer/]: Skipping C:\Users\xXx\.gradle\caches\modules-2\files-2.1\org.jcraft\jorbis\0.0.17\8872d22b293e8f5d7d56ff92be966e6dc28ebdc6\jorbis-0.0.17.jar because it was already located earlier
[24окт.2025 23:02:24.627] [main/DEBUG] [net.neoforged.fml.loading.moddiscovery.ModDiscoverer/]: Skipping C:\Users\xXx\.gradle\caches\modules-2\files-2.1\org.joml\joml\1.10.5\22566d58af70ad3d72308bab63b8339906deb649\joml-1.10.5.jar because it was already located earlier
[24окт.2025 23:02:24.627] [main/DEBUG] [net.neoforged.fml.loading.moddiscovery.ModDiscoverer/]: Skipping C:\Users\xXx\.gradle\caches\modules-2\files-2.1\org.lwjgl\lwjgl-freetype\3.3.3\a0db6c84a8becc8ca05f9dbfa985edc348a824c7\lwjgl-freetype-3.3.3.jar because it was already located earlier
[24окт.2025 23:02:24.631] [main/DEBUG] [net.neoforged.fml.loading.moddiscovery.ModDiscoverer/]: Skipping C:\Users\xXx\.gradle\caches\modules-2\files-2.1\org.lwjgl\lwjgl-freetype\3.3.3\15a8c1de7f51d07a92eae7ce1222557073a0c0c3\lwjgl-freetype-3.3.3-natives-windows-x86.jar because it was already located earlier
[24окт.2025 23:02:24.632] [main/DEBUG] [net.neoforged.fml.loading.moddiscovery.ModDiscoverer/]: Skipping C:\Users\xXx\.gradle\caches\modules-2\files-2.1\org.lwjgl\lwjgl-glfw\3.3.3\efa1eb78c5ccd840e9f329717109b5e892d72f8e\lwjgl-glfw-3.3.3.jar because it was already located earlier
[24окт.2025 23:02:24.636] [main/DEBUG] [net.neoforged.fml.loading.moddiscovery.ModDiscoverer/]: Skipping C:\Users\xXx\.gradle\caches\modules-2\files-2.1\org.lwjgl\lwjgl-glfw\3.3.3\32334f3fd5270a59bad9939a93115acb6de36dcf\lwjgl-glfw-3.3.3-natives-windows-x86.jar because it was already located earlier
[24окт.2025 23:02:24.636] [main/DEBUG] [net.neoforged.fml.loading.moddiscovery.ModDiscoverer/]: Skipping C:\Users\xXx\.gradle\caches\modules-2\files-2.1\org.lwjgl\lwjgl-jemalloc\3.3.3\b543467b7ff3c6920539a88ee602d34098628be5\lwjgl-jemalloc-3.3.3.jar because it was already located earlier
[24окт.2025 23:02:24.636] [main/DEBUG] [net.neoforged.fml.loading.moddiscovery.ModDiscoverer/]: Skipping C:\Users\xXx\.gradle\caches\modules-2\files-2.1\org.lwjgl\lwjgl-jemalloc\3.3.3\426222fc027602a5f21b9c0fe79cde6a4c7a011f\lwjgl-jemalloc-3.3.3-natives-windows.jar because it was already located earlier
[24окт.2025 23:02:24.640] [main/DEBUG] [net.neoforged.fml.loading.moddiscovery.ModDiscoverer/]: Skipping C:\Users\xXx\.gradle\caches\modules-2\files-2.1\org.lwjgl\lwjgl-openal\3.3.3\daada81ceb5fc0c291fbfdd4433cb8d9423577f2\lwjgl-openal-3.3.3.jar because it was already located earlier
[24окт.2025 23:02:24.643] [main/DEBUG] [net.neoforged.fml.loading.moddiscovery.ModDiscoverer/]: Skipping C:\Users\xXx\.gradle\caches\modules-2\files-2.1\org.lwjgl\lwjgl-openal\3.3.3\87b8d5050e3adb46bb58fe1cb2669a4a48fce10d\lwjgl-openal-3.3.3-natives-windows-x86.jar because it was already located earlier
[24окт.2025 23:02:24.643] [main/DEBUG] [net.neoforged.fml.loading.moddiscovery.ModDiscoverer/]: Skipping C:\Users\xXx\.gradle\caches\modules-2\files-2.1\org.lwjgl\lwjgl-opengl\3.3.3\2f6b0147078396a58979125a4c947664e98293a\lwjgl-opengl-3.3.3.jar because it was already located earlier
[24окт.2025 23:02:24.645] [main/DEBUG] [net.neoforged.fml.loading.moddiscovery.ModDiscoverer/]: Skipping C:\Users\xXx\.gradle\caches\modules-2\files-2.1\org.lwjgl\lwjgl-opengl\3.3.3\65e956d3735a1abdc82eff4baec1b61174697d4b\lwjgl-opengl-3.3.3-natives-windows-arm64.jar because it was already located earlier
[24окт.2025 23:02:24.647] [main/DEBUG] [net.neoforged.fml.loading.moddiscovery.ModDiscoverer/]: Skipping C:\Users\xXx\.gradle\caches\modules-2\files-2.1\org.lwjgl\lwjgl-stb\3.3.3\25dd6161988d7e65f71d5065c99902402ee32746\lwjgl-stb-3.3.3.jar because it was already located earlier
[24окт.2025 23:02:24.647] [main/DEBUG] [net.neoforged.fml.loading.moddiscovery.ModDiscoverer/]: Skipping C:\Users\xXx\.gradle\caches\modules-2\files-2.1\org.lwjgl\lwjgl-stb\3.3.3\1d9facdf6541de114b0f963be33505b7679c78cb\lwjgl-stb-3.3.3-natives-windows.jar because it was already located earlier
[24окт.2025 23:02:24.652] [main/DEBUG] [net.neoforged.fml.loading.moddiscovery.ModDiscoverer/]: Skipping C:\Users\xXx\.gradle\caches\modules-2\files-2.1\org.lwjgl\lwjgl-tinyfd\3.3.3\82d755ca94b102e9ca77283b9e2dc46d1b15fbe5\lwjgl-tinyfd-3.3.3.jar because it was already located earlier
[24окт.2025 23:02:24.652] [main/DEBUG] [net.neoforged.fml.loading.moddiscovery.ModDiscoverer/]: Skipping C:\Users\xXx\.gradle\caches\modules-2\files-2.1\org.lwjgl\lwjgl-tinyfd\3.3.3\a6697981b0449a5087c1d546fc08b4f73e8f98c9\lwjgl-tinyfd-3.3.3-natives-windows.jar because it was already located earlier
[24окт.2025 23:02:24.656] [main/DEBUG] [net.neoforged.fml.loading.moddiscovery.ModDiscoverer/]: Skipping C:\Users\xXx\.gradle\caches\modules-2\files-2.1\org.lwjgl\lwjgl\3.3.3\29589b5f87ed335a6c7e7ee6a5775f81f97ecb84\lwjgl-3.3.3.jar because it was already located earlier
[24окт.2025 23:02:24.660] [main/DEBUG] [net.neoforged.fml.loading.moddiscovery.ModDiscoverer/]: Skipping C:\Users\xXx\.gradle\caches\modules-2\files-2.1\org.lwjgl\lwjgl\3.3.3\9e670718e050aeaeea0c2d5b907cffb142f2e58f\lwjgl-3.3.3-natives-windows-x86.jar because it was already located earlier
[24окт.2025 23:02:24.660] [main/DEBUG] [net.neoforged.fml.loading.moddiscovery.ModDiscoverer/]: Skipping C:\Users\xXx\.gradle\caches\modules-2\files-2.1\org.lz4\lz4-java\1.8.0\4b986a99445e49ea5fbf5d149c4b63f6ed6c6780\lz4-java-1.8.0.jar because it was already located earlier
[24окт.2025 23:02:24.660] [main/DEBUG] [net.neoforged.fml.loading.moddiscovery.ModDiscoverer/]: Skipping C:\Users\xXx\.gradle\caches\modules-2\files-2.1\org.jline\jline-terminal\3.20.0\d0ddcc708ddf527a3454c941b7b9225cc83a15ff\jline-terminal-3.20.0.jar because it was already located earlier
[24окт.2025 23:02:24.660] [main/DEBUG] [net.neoforged.fml.loading.moddiscovery.ModDiscoverer/]: Skipping C:\Users\xXx\.gradle\caches\modules-2\files-2.1\com.google.guava\listenablefuture\9999.0-empty-to-avoid-conflict-with-guava\b421526c5f297295adef1c886e5246c39d4ac629\listenablefuture-9999.0-empty-to-avoid-conflict-with-guava.jar because it was already located earlier
[24окт.2025 23:02:24.660] [main/DEBUG] [net.neoforged.fml.loading.moddiscovery.ModDiscoverer/]: Skipping C:\Users\xXx\.gradle\caches\modules-2\files-2.1\com.google.code.findbugs\jsr305\3.0.2\25ea2e8b0c338a877313bd4672d3fe056ea78f0d\jsr305-3.0.2.jar because it was already located earlier
[24окт.2025 23:02:24.660] [main/DEBUG] [net.neoforged.fml.loading.moddiscovery.ModDiscoverer/]: Skipping C:\Users\xXx\.gradle\caches\modules-2\files-2.1\org.checkerframework\checker-qual\3.33.0\de2b60b62da487644fc11f734e73c8b0b431238f\checker-qual-3.33.0.jar because it was already located earlier
[24окт.2025 23:02:24.660] [main/DEBUG] [net.neoforged.fml.loading.moddiscovery.ModDiscoverer/]: Skipping C:\Users\xXx\.gradle\caches\modules-2\files-2.1\com.google.errorprone\error_prone_annotations\2.18.0\89b684257096f548fa39a7df9fdaa409d4d4df91\error_prone_annotations-2.18.0.jar because it was already located earlier
[24окт.2025 23:02:24.661] [main/DEBUG] [net.neoforged.fml.loading.moddiscovery.ModDiscoverer/]: Skipping C:\Users\xXx\.gradle\caches\modules-2\files-2.1\com.google.j2objc\j2objc-annotations\2.8\c85270e307e7b822f1086b93689124b89768e273\j2objc-annotations-2.8.jar because it was already located earlier
[24окт.2025 23:02:24.662] [main/DEBUG] [net.neoforged.fml.loading.UniqueModListBuilder/]: Found 2 mods for first modid neoforge, selecting most recent based on version data
[24окт.2025 23:02:24.663] [main/DEBUG] [net.neoforged.fml.loading.UniqueModListBuilder/]: Selected file neoforge-21.1.209.jar for modid neoforge with version 21.1.209
[24окт.2025 23:02:24.667] [pool-2-thread-1/INFO] [EARLYDISPLAY/]: GL info: NVIDIA GeForce RTX 4070/PCIe/SSE2 GL version 4.6.0 NVIDIA 581.29, NVIDIA Corporation
[24окт.2025 23:02:24.799] [main/INFO] [net.neoforged.fml.loading.moddiscovery.locators.JarInJarDependencyLocator/]: Found 2 dependencies adding them to mods collection
[24окт.2025 23:02:24.801] [main/INFO] [net.neoforged.fml.loading.moddiscovery.ModDiscoverer/]: 
     Mod List:
		Name Version (Mod Id)

		Complexity Analyzer 1.0.0 (complexityanalyzer)
		Minecraft 1.21.1 (minecraft)
		NeoForge 21.1.209 (neoforge)
[24окт.2025 23:02:24.802] [main/DEBUG] [net.neoforged.fml.loading.moddiscovery.ModFileInfo/LOADING]: Found valid mod file neoforge-21.1.209.jar with {minecraft} mods - versions {1.21.1}
[24окт.2025 23:02:24.805] [main/DEBUG] [net.neoforged.fml.loading.moddiscovery.ModFile/LOADING]: Loading mod file C:\Users\xXx\Desktop\Mods_Sources\ComplexityAnalyzer\build\moddev\artifacts\neoforge-21.1.209.jar with languages [LanguageSpec[languageName=minecraft, acceptedVersions=1]]
[24окт.2025 23:02:24.807] [main/DEBUG] [net.neoforged.fml.loading.moddiscovery.ModFileParser/LOADING]: Considering mod file candidate C:\Users\xXx\Desktop\Mods_Sources\ComplexityAnalyzer\build\classes\java\main
[24окт.2025 23:02:24.809] [main/DEBUG] [net.neoforged.fml.loading.moddiscovery.ModFileInfo/LOADING]: Found valid mod file main with {complexityanalyzer} mods - versions {1.0.0}
[24окт.2025 23:02:24.809] [main/DEBUG] [net.neoforged.fml.loading.moddiscovery.ModFile/LOADING]: Loading mod file C:\Users\xXx\Desktop\Mods_Sources\ComplexityAnalyzer\build\classes\java\main with languages [LanguageSpec[languageName=javafml, acceptedVersions=[4,)]]
[24окт.2025 23:02:24.809] [main/DEBUG] [net.neoforged.fml.loading.moddiscovery.ModFileParser/LOADING]: Considering mod file candidate C:\Users\xXx\Desktop\Mods_Sources\ComplexityAnalyzer\build\moddev\artifacts\neoforge-21.1.209.jar
[24окт.2025 23:02:24.811] [main/DEBUG] [net.neoforged.fml.loading.moddiscovery.ModFileInfo/LOADING]: Found valid mod file neoforge-21.1.209.jar with {neoforge} mods - versions {21.1.209}
[24окт.2025 23:02:24.811] [main/DEBUG] [net.neoforged.fml.loading.moddiscovery.ModFile/LOADING]: Loading mod file C:\Users\xXx\Desktop\Mods_Sources\ComplexityAnalyzer\build\moddev\artifacts\neoforge-21.1.209.jar with languages [LanguageSpec[languageName=javafml, acceptedVersions=[3,]]]
[24окт.2025 23:02:24.812] [main/DEBUG] [net.neoforged.fml.loading.moddiscovery.ModFile/LOADING]: Found mixin config MixinConfig[config=neoforge.mixins.json, requiredMods=[]]
[24окт.2025 23:02:24.812] [main/DEBUG] [net.neoforged.fml.loading.moddiscovery.ModFile/LOADING]: Loading mod file  with languages []
[24окт.2025 23:02:24.813] [main/DEBUG] [cpw.mods.modlauncher.TransformationServiceDecorator/MODLAUNCHER]: End scan trigger - transformation service fml
[24окт.2025 23:02:24.825] [main/DEBUG] [net.neoforged.fml.util.ServiceLoaderUtil/CORE]: Found 3 implementations of IModLanguageLoader:
[24окт.2025 23:02:24.826] [main/DEBUG] [net.neoforged.fml.util.ServiceLoaderUtil/CORE]: 	net.neoforged.fml.javafmlmod.FMLJavaModLanguageProvider from loader-4.0.41.jar
[24окт.2025 23:02:24.826] [main/DEBUG] [net.neoforged.fml.util.ServiceLoaderUtil/CORE]: 	net.neoforged.fml.lowcodemod.LowCodeModLanguageProvider from loader-4.0.41.jar
[24окт.2025 23:02:24.826] [main/DEBUG] [net.neoforged.fml.util.ServiceLoaderUtil/CORE]: 	net.neoforged.fml.mclanguageprovider.MinecraftModLanguageProvider from loader-4.0.41.jar
[24окт.2025 23:02:24.827] [main/DEBUG] [net.neoforged.fml.loading.LanguageProviderLoader/CORE]: Found language provider javafml, version 4.0.41
[24окт.2025 23:02:24.827] [main/DEBUG] [net.neoforged.fml.loading.LanguageProviderLoader/CORE]: Found language provider lowcodefml, version 4.0.41
[24окт.2025 23:02:24.827] [main/DEBUG] [net.neoforged.fml.loading.LanguageProviderLoader/CORE]: Found language provider minecraft, version 4.0.41
[24окт.2025 23:02:24.833] [main/DEBUG] [net.neoforged.fml.loading.ModSorter/]: Configured system mods: [minecraft, neoforge]
[24окт.2025 23:02:24.833] [main/DEBUG] [net.neoforged.fml.loading.ModSorter/]: Found system mod: minecraft
[24окт.2025 23:02:24.833] [main/DEBUG] [net.neoforged.fml.loading.ModSorter/]: Found system mod: neoforge
[24окт.2025 23:02:24.836] [main/DEBUG] [net.neoforged.fml.loading.ModSorter/LOADING]: Found 2 mod requirements (2 mandatory, 0 optional)
[24окт.2025 23:02:24.837] [main/DEBUG] [net.neoforged.fml.loading.ModSorter/LOADING]: Found 0 mod requirements missing (0 mandatory, 0 optional)
[24окт.2025 23:02:24.966] [main/DEBUG] [mixin/]: Adding mixin platform agents for container net.neoforged.fml.loading.mixin.FMLMixinContainerHandle@e344ad3
[24окт.2025 23:02:24.966] [main/DEBUG] [mixin/]: Instancing new MixinPlatformAgentMinecraftForge for net.neoforged.fml.loading.mixin.FMLMixinContainerHandle@e344ad3
[24окт.2025 23:02:24.967] [main/DEBUG] [mixin/]: MixinPlatformAgentMinecraftForge rejected container net.neoforged.fml.loading.mixin.FMLMixinContainerHandle@e344ad3
[24окт.2025 23:02:24.967] [main/DEBUG] [mixin/]: Instancing new MixinPlatformAgentDefault for net.neoforged.fml.loading.mixin.FMLMixinContainerHandle@e344ad3
[24окт.2025 23:02:24.967] [main/DEBUG] [mixin/]: MixinPlatformAgentDefault accepted container net.neoforged.fml.loading.mixin.FMLMixinContainerHandle@e344ad3
[24окт.2025 23:02:24.967] [main/DEBUG] [mixin/]: Instancing new FMLMixinPlatformAgent for net.neoforged.fml.loading.mixin.FMLMixinContainerHandle@e344ad3
[24окт.2025 23:02:24.967] [main/DEBUG] [mixin/]: FMLMixinPlatformAgent accepted container net.neoforged.fml.loading.mixin.FMLMixinContainerHandle@e344ad3
[24окт.2025 23:02:24.974] [main/DEBUG] [cpw.mods.modlauncher.TransformationServicesHandler/MODLAUNCHER]: Transformation services loading transformers
[24окт.2025 23:02:24.974] [main/DEBUG] [cpw.mods.modlauncher.TransformationServiceDecorator/MODLAUNCHER]: Initializing transformers for transformation service mixin
[24окт.2025 23:02:24.975] [main/DEBUG] [cpw.mods.modlauncher.TransformationServiceDecorator/MODLAUNCHER]: Initialized transformers for transformation service mixin
[24окт.2025 23:02:24.975] [main/DEBUG] [cpw.mods.modlauncher.TransformationServiceDecorator/MODLAUNCHER]: Initializing transformers for transformation service fml
[24окт.2025 23:02:24.976] [main/DEBUG] [net.neoforged.fml.loading.FMLServiceProvider/LOADING]: Loading coremod transformers
[24окт.2025 23:02:24.976] [main/DEBUG] [net.neoforged.fml.loading.FMLServiceProvider/CORE]: Not loading coremod script-engine since no mod requested it
[24окт.2025 23:02:24.977] [main/DEBUG] [net.neoforged.fml.util.ServiceLoaderUtil/CORE]: Found 1 implementations of ICoreMod:
[24окт.2025 23:02:24.977] [main/DEBUG] [net.neoforged.fml.util.ServiceLoaderUtil/CORE]: 	net.neoforged.neoforge.coremods.NeoForgeCoreMod from neoforge-21.1.209.jar > net.neoforged.neoforge-coremods-21.1.209.jar
[24окт.2025 23:02:24.985] [main/DEBUG] [net.neoforged.fml.loading.FMLServiceProvider/CORE]: Adding [Target[className=net.minecraft.world.level.biome.Biome, elementName=, elementDescriptor=, targetType=cpw.mods.modlauncher.api.TargetType@70ab2d48]] transformer from core-mod net.neoforged.neoforge.coremods.NeoForgeCoreMod@3a2b2322 in neoforge-21.1.209.jar > net.neoforged.neoforge-coremods-21.1.209.jar
[24окт.2025 23:02:24.985] [main/DEBUG] [net.neoforged.fml.loading.FMLServiceProvider/CORE]: Adding [Target[className=net.minecraft.world.level.levelgen.structure.Structure, elementName=, elementDescriptor=, targetType=cpw.mods.modlauncher.api.TargetType@70ab2d48]] transformer from core-mod net.neoforged.neoforge.coremods.NeoForgeCoreMod@3a2b2322 in neoforge-21.1.209.jar > net.neoforged.neoforge-coremods-21.1.209.jar
[24окт.2025 23:02:24.985] [main/DEBUG] [net.neoforged.fml.loading.FMLServiceProvider/CORE]: Adding [Target[className=net.minecraft.world.level.block.FlowerPotBlock, elementName=, elementDescriptor=, targetType=cpw.mods.modlauncher.api.TargetType@70ab2d48]] transformer from core-mod net.neoforged.neoforge.coremods.NeoForgeCoreMod@3a2b2322 in neoforge-21.1.209.jar > net.neoforged.neoforge-coremods-21.1.209.jar
[24окт.2025 23:02:24.986] [main/DEBUG] [net.neoforged.fml.loading.FMLServiceProvider/CORE]: Adding [Target[className=net/minecraft/world/entity/ai/village/VillageSiege, elementName=, elementDescriptor=, targetType=cpw.mods.modlauncher.api.TargetType@70ab2d48], Target[className=net/minecraft/world/level/NaturalSpawner, elementName=, elementDescriptor=, targetType=cpw.mods.modlauncher.api.TargetType@70ab2d48], Target[className=net/minecraft/world/level/levelgen/structure/structures/WoodlandMansionPieces$WoodlandMansionPiece, elementName=, elementDescriptor=, targetType=cpw.mods.modlauncher.api.TargetType@70ab2d48], Target[className=net/minecraft/server/commands/SummonCommand, elementName=, elementDescriptor=, targetType=cpw.mods.modlauncher.api.TargetType@70ab2d48], Target[className=net/minecraft/world/level/levelgen/PhantomSpawner, elementName=, elementDescriptor=, targetType=cpw.mods.modlauncher.api.TargetType@70ab2d48], Target[className=net/minecraft/server/commands/RaidCommand, elementName=, elementDescriptor=, targetType=cpw.mods.modlauncher.api.TargetType@70ab2d48], Target[className=net/minecraft/world/level/levelgen/PatrolSpawner, elementName=, elementDescriptor=, targetType=cpw.mods.modlauncher.api.TargetType@70ab2d48], Target[className=net/minecraft/world/entity/npc/CatSpawner, elementName=, elementDescriptor=, targetType=cpw.mods.modlauncher.api.TargetType@70ab2d48], Target[className=net/minecraft/world/level/levelgen/structure/structures/OceanRuinPieces$OceanRuinPiece, elementName=, elementDescriptor=, targetType=cpw.mods.modlauncher.api.TargetType@70ab2d48], Target[className=net/minecraft/world/entity/monster/Evoker$EvokerSummonSpellGoal, elementName=, elementDescriptor=, targetType=cpw.mods.modlauncher.api.TargetType@70ab2d48], Target[className=net/minecraft/world/entity/monster/Strider, elementName=, elementDescriptor=, targetType=cpw.mods.modlauncher.api.TargetType@70ab2d48], Target[className=net/minecraft/world/level/levelgen/structure/templatesystem/StructureTemplate, elementName=, elementDescriptor=, targetType=cpw.mods.modlauncher.api.TargetType@70ab2d48], Target[className=net/minecraft/world/level/levelgen/structure/structures/SwampHutPiece, elementName=, elementDescriptor=, targetType=cpw.mods.modlauncher.api.TargetType@70ab2d48], Target[className=net/minecraft/world/entity/raid/Raid, elementName=, elementDescriptor=, targetType=cpw.mods.modlauncher.api.TargetType@70ab2d48], Target[className=net/minecraft/world/entity/EntityType, elementName=, elementDescriptor=, targetType=cpw.mods.modlauncher.api.TargetType@70ab2d48], Target[className=net/minecraft/world/entity/animal/horse/SkeletonTrapGoal, elementName=, elementDescriptor=, targetType=cpw.mods.modlauncher.api.TargetType@70ab2d48], Target[className=net/minecraft/world/entity/animal/frog/Tadpole, elementName=, elementDescriptor=, targetType=cpw.mods.modlauncher.api.TargetType@70ab2d48], Target[className=net/minecraft/world/entity/npc/Villager, elementName=, elementDescriptor=, targetType=cpw.mods.modlauncher.api.TargetType@70ab2d48], Target[className=net/minecraft/world/entity/monster/Spider, elementName=, elementDescriptor=, targetType=cpw.mods.modlauncher.api.TargetType@70ab2d48], Target[className=net/minecraft/world/entity/monster/Zombie, elementName=, elementDescriptor=, targetType=cpw.mods.modlauncher.api.TargetType@70ab2d48], Target[className=net/minecraft/world/level/levelgen/structure/structures/OceanMonumentPieces$OceanMonumentPiece, elementName=, elementDescriptor=, targetType=cpw.mods.modlauncher.api.TargetType@70ab2d48], Target[className=net/minecraft/world/entity/monster/ZombieVillager, elementName=, elementDescriptor=, targetType=cpw.mods.modlauncher.api.TargetType@70ab2d48]] transformer from core-mod net.neoforged.neoforge.coremods.NeoForgeCoreMod@3a2b2322 in neoforge-21.1.209.jar > net.neoforged.neoforge-coremods-21.1.209.jar
[24окт.2025 23:02:24.988] [main/DEBUG] [cpw.mods.modlauncher.TransformStore/MODLAUNCHER]: Adding transformer net.neoforged.neoforge.coremods.ReplaceFieldWithGetterAccess@640dc4c6 to Target : cpw.mods.modlauncher.api.TargetType@70ab2d48 {Lnet/minecraft/world/level/biome/Biome;} {} {V}
[24окт.2025 23:02:24.989] [main/DEBUG] [cpw.mods.modlauncher.TransformStore/MODLAUNCHER]: Adding transformer net.neoforged.neoforge.coremods.ReplaceFieldWithGetterAccess@256aa5f2 to Target : cpw.mods.modlauncher.api.TargetType@70ab2d48 {Lnet/minecraft/world/level/levelgen/structure/Structure;} {} {V}
[24окт.2025 23:02:24.990] [main/DEBUG] [cpw.mods.modlauncher.TransformStore/MODLAUNCHER]: Adding transformer net.neoforged.neoforge.coremods.ReplaceFieldWithGetterAccess@6411d3c8 to Target : cpw.mods.modlauncher.api.TargetType@70ab2d48 {Lnet/minecraft/world/level/block/FlowerPotBlock;} {} {V}
[24окт.2025 23:02:24.990] [main/DEBUG] [cpw.mods.modlauncher.TransformStore/MODLAUNCHER]: Adding transformer net.neoforged.neoforge.coremods.MethodRedirector@2116b68b to Target : cpw.mods.modlauncher.api.TargetType@70ab2d48 {Lnet/minecraft/world/entity/ai/village/VillageSiege;} {} {V}
[24окт.2025 23:02:24.990] [main/DEBUG] [cpw.mods.modlauncher.TransformStore/MODLAUNCHER]: Adding transformer net.neoforged.neoforge.coremods.MethodRedirector@2116b68b to Target : cpw.mods.modlauncher.api.TargetType@70ab2d48 {Lnet/minecraft/world/level/NaturalSpawner;} {} {V}
[24окт.2025 23:02:24.990] [main/DEBUG] [cpw.mods.modlauncher.TransformStore/MODLAUNCHER]: Adding transformer net.neoforged.neoforge.coremods.MethodRedirector@2116b68b to Target : cpw.mods.modlauncher.api.TargetType@70ab2d48 {Lnet/minecraft/world/level/levelgen/structure/structures/WoodlandMansionPieces$WoodlandMansionPiece;} {} {V}
[24окт.2025 23:02:24.990] [main/DEBUG] [cpw.mods.modlauncher.TransformStore/MODLAUNCHER]: Adding transformer net.neoforged.neoforge.coremods.MethodRedirector@2116b68b to Target : cpw.mods.modlauncher.api.TargetType@70ab2d48 {Lnet/minecraft/server/commands/SummonCommand;} {} {V}
[24окт.2025 23:02:24.990] [main/DEBUG] [cpw.mods.modlauncher.TransformStore/MODLAUNCHER]: Adding transformer net.neoforged.neoforge.coremods.MethodRedirector@2116b68b to Target : cpw.mods.modlauncher.api.TargetType@70ab2d48 {Lnet/minecraft/world/level/levelgen/PhantomSpawner;} {} {V}
[24окт.2025 23:02:24.990] [main/DEBUG] [cpw.mods.modlauncher.TransformStore/MODLAUNCHER]: Adding transformer net.neoforged.neoforge.coremods.MethodRedirector@2116b68b to Target : cpw.mods.modlauncher.api.TargetType@70ab2d48 {Lnet/minecraft/server/commands/RaidCommand;} {} {V}
[24окт.2025 23:02:24.991] [main/DEBUG] [cpw.mods.modlauncher.TransformStore/MODLAUNCHER]: Adding transformer net.neoforged.neoforge.coremods.MethodRedirector@2116b68b to Target : cpw.mods.modlauncher.api.TargetType@70ab2d48 {Lnet/minecraft/world/level/levelgen/PatrolSpawner;} {} {V}
[24окт.2025 23:02:24.991] [main/DEBUG] [cpw.mods.modlauncher.TransformStore/MODLAUNCHER]: Adding transformer net.neoforged.neoforge.coremods.MethodRedirector@2116b68b to Target : cpw.mods.modlauncher.api.TargetType@70ab2d48 {Lnet/minecraft/world/entity/npc/CatSpawner;} {} {V}
[24окт.2025 23:02:24.991] [main/DEBUG] [cpw.mods.modlauncher.TransformStore/MODLAUNCHER]: Adding transformer net.neoforged.neoforge.coremods.MethodRedirector@2116b68b to Target : cpw.mods.modlauncher.api.TargetType@70ab2d48 {Lnet/minecraft/world/level/levelgen/structure/structures/OceanRuinPieces$OceanRuinPiece;} {} {V}
[24окт.2025 23:02:24.991] [main/DEBUG] [cpw.mods.modlauncher.TransformStore/MODLAUNCHER]: Adding transformer net.neoforged.neoforge.coremods.MethodRedirector@2116b68b to Target : cpw.mods.modlauncher.api.TargetType@70ab2d48 {Lnet/minecraft/world/entity/monster/Evoker$EvokerSummonSpellGoal;} {} {V}
[24окт.2025 23:02:24.991] [main/DEBUG] [cpw.mods.modlauncher.TransformStore/MODLAUNCHER]: Adding transformer net.neoforged.neoforge.coremods.MethodRedirector@2116b68b to Target : cpw.mods.modlauncher.api.TargetType@70ab2d48 {Lnet/minecraft/world/entity/monster/Strider;} {} {V}
[24окт.2025 23:02:24.991] [main/DEBUG] [cpw.mods.modlauncher.TransformStore/MODLAUNCHER]: Adding transformer net.neoforged.neoforge.coremods.MethodRedirector@2116b68b to Target : cpw.mods.modlauncher.api.TargetType@70ab2d48 {Lnet/minecraft/world/level/levelgen/structure/templatesystem/StructureTemplate;} {} {V}
[24окт.2025 23:02:24.991] [main/DEBUG] [cpw.mods.modlauncher.TransformStore/MODLAUNCHER]: Adding transformer net.neoforged.neoforge.coremods.MethodRedirector@2116b68b to Target : cpw.mods.modlauncher.api.TargetType@70ab2d48 {Lnet/minecraft/world/level/levelgen/structure/structures/SwampHutPiece;} {} {V}
[24окт.2025 23:02:24.991] [main/DEBUG] [cpw.mods.modlauncher.TransformStore/MODLAUNCHER]: Adding transformer net.neoforged.neoforge.coremods.MethodRedirector@2116b68b to Target : cpw.mods.modlauncher.api.TargetType@70ab2d48 {Lnet/minecraft/world/entity/raid/Raid;} {} {V}
[24окт.2025 23:02:24.991] [main/DEBUG] [cpw.mods.modlauncher.TransformStore/MODLAUNCHER]: Adding transformer net.neoforged.neoforge.coremods.MethodRedirector@2116b68b to Target : cpw.mods.modlauncher.api.TargetType@70ab2d48 {Lnet/minecraft/world/entity/EntityType;} {} {V}
[24окт.2025 23:02:24.992] [main/DEBUG] [cpw.mods.modlauncher.TransformStore/MODLAUNCHER]: Adding transformer net.neoforged.neoforge.coremods.MethodRedirector@2116b68b to Target : cpw.mods.modlauncher.api.TargetType@70ab2d48 {Lnet/minecraft/world/entity/animal/horse/SkeletonTrapGoal;} {} {V}
[24окт.2025 23:02:24.992] [main/DEBUG] [cpw.mods.modlauncher.TransformStore/MODLAUNCHER]: Adding transformer net.neoforged.neoforge.coremods.MethodRedirector@2116b68b to Target : cpw.mods.modlauncher.api.TargetType@70ab2d48 {Lnet/minecraft/world/entity/animal/frog/Tadpole;} {} {V}
[24окт.2025 23:02:24.992] [main/DEBUG] [cpw.mods.modlauncher.TransformStore/MODLAUNCHER]: Adding transformer net.neoforged.neoforge.coremods.MethodRedirector@2116b68b to Target : cpw.mods.modlauncher.api.TargetType@70ab2d48 {Lnet/minecraft/world/entity/npc/Villager;} {} {V}
[24окт.2025 23:02:24.992] [main/DEBUG] [cpw.mods.modlauncher.TransformStore/MODLAUNCHER]: Adding transformer net.neoforged.neoforge.coremods.MethodRedirector@2116b68b to Target : cpw.mods.modlauncher.api.TargetType@70ab2d48 {Lnet/minecraft/world/entity/monster/Spider;} {} {V}
[24окт.2025 23:02:24.992] [main/DEBUG] [cpw.mods.modlauncher.TransformStore/MODLAUNCHER]: Adding transformer net.neoforged.neoforge.coremods.MethodRedirector@2116b68b to Target : cpw.mods.modlauncher.api.TargetType@70ab2d48 {Lnet/minecraft/world/entity/monster/Zombie;} {} {V}
[24окт.2025 23:02:24.992] [main/DEBUG] [cpw.mods.modlauncher.TransformStore/MODLAUNCHER]: Adding transformer net.neoforged.neoforge.coremods.MethodRedirector@2116b68b to Target : cpw.mods.modlauncher.api.TargetType@70ab2d48 {Lnet/minecraft/world/level/levelgen/structure/structures/OceanMonumentPieces$OceanMonumentPiece;} {} {V}
[24окт.2025 23:02:24.992] [main/DEBUG] [cpw.mods.modlauncher.TransformStore/MODLAUNCHER]: Adding transformer net.neoforged.neoforge.coremods.MethodRedirector@2116b68b to Target : cpw.mods.modlauncher.api.TargetType@70ab2d48 {Lnet/minecraft/world/entity/monster/ZombieVillager;} {} {V}
[24окт.2025 23:02:24.992] [main/DEBUG] [cpw.mods.modlauncher.TransformationServiceDecorator/MODLAUNCHER]: Initialized transformers for transformation service fml
[24окт.2025 23:02:25.563] [main/DEBUG] [mixin/]: Processing prepare() for PlatformAgent[MixinPlatformAgentDefault:ModLauncher Root Container(ModLauncher:4f56a0a2)]
[24окт.2025 23:02:25.564] [main/DEBUG] [mixin/]: Processing prepare() for PlatformAgent[MixinPlatformAgentDefault:net.neoforged.fml.loading.mixin.FMLMixinContainerHandle@e344ad3]
[24окт.2025 23:02:25.564] [main/DEBUG] [mixin/]: Processing prepare() for PlatformAgent[FMLMixinPlatformAgent:null]
[24окт.2025 23:02:25.613] [main/DEBUG] [mixin/]: Processing launch tasks for PlatformAgent[MixinPlatformAgentDefault:ModLauncher Root Container(ModLauncher:4f56a0a2)]
[24окт.2025 23:02:25.613] [main/DEBUG] [mixin/]: Adding mixin platform agents for container SecureJarResource(mixin_synthetic)
[24окт.2025 23:02:25.613] [main/DEBUG] [mixin/]: Instancing new MixinPlatformAgentMinecraftForge for SecureJarResource(mixin_synthetic)
[24окт.2025 23:02:25.614] [main/DEBUG] [mixin/]: MixinPlatformAgentMinecraftForge rejected container SecureJarResource(mixin_synthetic)
[24окт.2025 23:02:25.614] [main/DEBUG] [mixin/]: Instancing new MixinPlatformAgentDefault for SecureJarResource(mixin_synthetic)
[24окт.2025 23:02:25.614] [main/DEBUG] [mixin/]: MixinPlatformAgentDefault accepted container SecureJarResource(mixin_synthetic)
[24окт.2025 23:02:25.614] [main/DEBUG] [mixin/]: Instancing new FMLMixinPlatformAgent for SecureJarResource(mixin_synthetic)
[24окт.2025 23:02:25.614] [main/DEBUG] [mixin/]: FMLMixinPlatformAgent rejected container SecureJarResource(mixin_synthetic)
[24окт.2025 23:02:25.614] [main/DEBUG] [mixin/]: Processing prepare() for PlatformAgent[MixinPlatformAgentDefault:SecureJarResource(mixin_synthetic)]
[24окт.2025 23:02:25.615] [main/DEBUG] [mixin/]: Adding mixin platform agents for container SecureJarResource(minecraft)
[24окт.2025 23:02:25.615] [main/DEBUG] [mixin/]: Instancing new MixinPlatformAgentMinecraftForge for SecureJarResource(minecraft)
[24окт.2025 23:02:25.615] [main/DEBUG] [mixin/]: MixinPlatformAgentMinecraftForge rejected container SecureJarResource(minecraft)
[24окт.2025 23:02:25.615] [main/DEBUG] [mixin/]: Instancing new MixinPlatformAgentDefault for SecureJarResource(minecraft)
[24окт.2025 23:02:25.615] [main/DEBUG] [mixin/]: MixinPlatformAgentDefault accepted container SecureJarResource(minecraft)
[24окт.2025 23:02:25.615] [main/DEBUG] [mixin/]: Instancing new FMLMixinPlatformAgent for SecureJarResource(minecraft)
[24окт.2025 23:02:25.615] [main/DEBUG] [mixin/]: FMLMixinPlatformAgent rejected container SecureJarResource(minecraft)
[24окт.2025 23:02:25.615] [main/DEBUG] [mixin/]: Processing prepare() for PlatformAgent[MixinPlatformAgentDefault:SecureJarResource(minecraft)]
[24окт.2025 23:02:25.616] [main/DEBUG] [mixin/]: Adding mixin platform agents for container SecureJarResource(complexityanalyzer)
[24окт.2025 23:02:25.616] [main/DEBUG] [mixin/]: Instancing new MixinPlatformAgentMinecraftForge for SecureJarResource(complexityanalyzer)
[24окт.2025 23:02:25.616] [main/DEBUG] [mixin/]: MixinPlatformAgentMinecraftForge rejected container SecureJarResource(complexityanalyzer)
[24окт.2025 23:02:25.616] [main/DEBUG] [mixin/]: Instancing new MixinPlatformAgentDefault for SecureJarResource(complexityanalyzer)
[24окт.2025 23:02:25.616] [main/DEBUG] [mixin/]: MixinPlatformAgentDefault accepted container SecureJarResource(complexityanalyzer)
[24окт.2025 23:02:25.616] [main/DEBUG] [mixin/]: Instancing new FMLMixinPlatformAgent for SecureJarResource(complexityanalyzer)
[24окт.2025 23:02:25.616] [main/DEBUG] [mixin/]: FMLMixinPlatformAgent rejected container SecureJarResource(complexityanalyzer)
[24окт.2025 23:02:25.616] [main/DEBUG] [mixin/]: Processing prepare() for PlatformAgent[MixinPlatformAgentDefault:SecureJarResource(complexityanalyzer)]
[24окт.2025 23:02:25.616] [main/DEBUG] [mixin/]: Adding mixin platform agents for container SecureJarResource(mixinextras.neoforge)
[24окт.2025 23:02:25.617] [main/DEBUG] [mixin/]: Instancing new MixinPlatformAgentMinecraftForge for SecureJarResource(mixinextras.neoforge)
[24окт.2025 23:02:25.617] [main/DEBUG] [mixin/]: MixinPlatformAgentMinecraftForge rejected container SecureJarResource(mixinextras.neoforge)
[24окт.2025 23:02:25.617] [main/DEBUG] [mixin/]: Instancing new MixinPlatformAgentDefault for SecureJarResource(mixinextras.neoforge)
[24окт.2025 23:02:25.617] [main/DEBUG] [mixin/]: MixinPlatformAgentDefault accepted container SecureJarResource(mixinextras.neoforge)
[24окт.2025 23:02:25.617] [main/DEBUG] [mixin/]: Instancing new FMLMixinPlatformAgent for SecureJarResource(mixinextras.neoforge)
[24окт.2025 23:02:25.617] [main/DEBUG] [mixin/]: FMLMixinPlatformAgent rejected container SecureJarResource(mixinextras.neoforge)
[24окт.2025 23:02:25.617] [main/DEBUG] [mixin/]: Processing prepare() for PlatformAgent[MixinPlatformAgentDefault:SecureJarResource(mixinextras.neoforge)]
[24окт.2025 23:02:25.617] [main/DEBUG] [mixin/]: Registering mixin config: mixinextras.init.mixins.json source=SecureJarResource(mixinextras.neoforge)
[24окт.2025 23:02:25.619] [main/DEBUG] [mixin/]: inject() running with 6 agents
[24окт.2025 23:02:25.619] [main/DEBUG] [mixin/]: Processing inject() for PlatformAgent[MixinPlatformAgentDefault:ModLauncher Root Container(ModLauncher:4f56a0a2)]
[24окт.2025 23:02:25.619] [main/DEBUG] [mixin/]: Processing inject() for PlatformAgent[MixinPlatformAgentDefault:net.neoforged.fml.loading.mixin.FMLMixinContainerHandle@e344ad3]
[24окт.2025 23:02:25.619] [main/DEBUG] [mixin/]: Processing inject() for PlatformAgent[FMLMixinPlatformAgent:null]
[24окт.2025 23:02:25.619] [main/DEBUG] [mixin/]: Processing inject() for PlatformAgent[MixinPlatformAgentDefault:SecureJarResource(mixin_synthetic)]
[24окт.2025 23:02:25.619] [main/DEBUG] [mixin/]: Processing inject() for PlatformAgent[MixinPlatformAgentDefault:SecureJarResource(minecraft)]
[24окт.2025 23:02:25.620] [main/DEBUG] [mixin/]: Processing inject() for PlatformAgent[MixinPlatformAgentDefault:SecureJarResource(complexityanalyzer)]
[24окт.2025 23:02:25.620] [main/DEBUG] [mixin/]: Processing inject() for PlatformAgent[MixinPlatformAgentDefault:SecureJarResource(mixinextras.neoforge)]
[24окт.2025 23:02:25.620] [main/INFO] [cpw.mods.modlauncher.LaunchServiceHandler/MODLAUNCHER]: Launching target 'forgeclientdev' with arguments [--version, 21.1.209, --gameDir, ., --assetsDir, C:\Users\xXx\.gradle\caches\neoformruntime\assets, --assetIndex, 17]
[24окт.2025 23:02:25.664] [main/DEBUG] [mixin/]: Preparing mixins for MixinEnvironment[DEFAULT]
[24окт.2025 23:02:25.664] [main/DEBUG] [mixin/]: Selecting config neoforge.mixins.json
[24окт.2025 23:02:25.667] [main/DEBUG] [mixin/]: Selecting config mixinextras.init.mixins.json
[24окт.2025 23:02:25.712] [main/DEBUG] [MixinExtras|Service/]: com.llamalad7.mixinextras.service.MixinExtrasServiceImpl(version=0.5.0) is taking over from null
[24окт.2025 23:02:25.738] [main/DEBUG] [mixin/]: Registering new injector for @Inject with org.spongepowered.asm.mixin.injection.struct.CallbackInjectionInfo
[24окт.2025 23:02:25.740] [main/DEBUG] [mixin/]: Registering new injector for @ModifyArg with org.spongepowered.asm.mixin.injection.struct.ModifyArgInjectionInfo
[24окт.2025 23:02:25.741] [main/DEBUG] [mixin/]: Registering new injector for @ModifyArgs with org.spongepowered.asm.mixin.injection.struct.ModifyArgsInjectionInfo
[24окт.2025 23:02:25.743] [main/DEBUG] [mixin/]: Registering new injector for @Redirect with org.spongepowered.asm.mixin.injection.struct.RedirectInjectionInfo
[24окт.2025 23:02:25.744] [main/DEBUG] [mixin/]: Registering new injector for @ModifyVariable with org.spongepowered.asm.mixin.injection.struct.ModifyVariableInjectionInfo
[24окт.2025 23:02:25.745] [main/DEBUG] [mixin/]: Registering new injector for @ModifyConstant with org.spongepowered.asm.mixin.injection.struct.ModifyConstantInjectionInfo
[24окт.2025 23:02:25.755] [main/DEBUG] [mixin/]: Preparing neoforge.mixins.json (2)
[24окт.2025 23:02:25.793] [main/DEBUG] [mixin/]: Preparing mixinextras.init.mixins.json (0)
[24окт.2025 23:02:25.954] [main/DEBUG] [io.netty.util.internal.logging.InternalLoggerFactory/]: Using SLF4J as the default logging framework
[24окт.2025 23:02:25.957] [main/DEBUG] [io.netty.util.ResourceLeakDetector/]: -Dio.netty.leakDetection.level: simple
[24окт.2025 23:02:25.957] [main/DEBUG] [io.netty.util.ResourceLeakDetector/]: -Dio.netty.leakDetection.targetRecords: 4
[24окт.2025 23:02:26.872] [main/DEBUG] [oshi.util.FileUtil/]: No oshi.properties file found from ClassLoader cpw.mods.modlauncher.TransformingClassLoader@1c504e66
[24окт.2025 23:02:27.275] [Datafixer Bootstrap/INFO] [com.mojang.datafixers.DataFixerBuilder/]: 229 Datafixer optimizations took 467 milliseconds
[24окт.2025 23:02:27.382] [main/DEBUG] [oshi.util.FileUtil/]: No oshi.architecture.properties file found from ClassLoader cpw.mods.modlauncher.TransformingClassLoader@1c504e66
[24окт.2025 23:02:27.476] [pool-7-thread-1/INFO] [MixinExtras|Service/]: Initializing MixinExtras via com.llamalad7.mixinextras.service.MixinExtrasServiceImpl(version=0.5.0).
[24окт.2025 23:02:27.477] [pool-7-thread-1/DEBUG] [mixin/]: Registering new injector for @SugarWrapper with com.llamalad7.mixinextras.sugar.impl.SugarWrapperInjectionInfo
[24окт.2025 23:02:27.477] [pool-7-thread-1/DEBUG] [mixin/]: Registering new injector for @FactoryRedirectWrapper with com.llamalad7.mixinextras.wrapper.factory.FactoryRedirectWrapperInjectionInfo
[24окт.2025 23:02:27.479] [pool-7-thread-1/DEBUG] [mixin/]: Registering new injector for @ExpressionInjectorWrapper with com.llamalad7.mixinextras.expression.impl.wrapper.ExpressionInjectorWrapperInjectionInfo
[24окт.2025 23:02:27.493] [pool-7-thread-1/DEBUG] [mixin/]: Mixing MappedRegistryAccessor from neoforge.mixins.json into net.minecraft.core.MappedRegistry
[24окт.2025 23:02:27.497] [pool-7-thread-1/DEBUG] [mixin/]: neoforge.mixins.json:MappedRegistryAccessor from mod neoforge: Class version 65 required is higher than the class version supported by the current version of Mixin (JAVA_16 supports class version 60)
[24окт.2025 23:02:28.457] [pool-7-thread-1/DEBUG] [mixin/]: Mixing BlockEntityTypeAccessor from neoforge.mixins.json into net.minecraft.world.level.block.entity.BlockEntityType
[24окт.2025 23:02:28.458] [pool-7-thread-1/DEBUG] [mixin/]: neoforge.mixins.json:BlockEntityTypeAccessor from mod neoforge: Class version 65 required is higher than the class version supported by the current version of Mixin (JAVA_16 supports class version 60)
[24окт.2025 23:02:29.675] [pool-7-thread-1/DEBUG] [io.netty.util.internal.PlatformDependent0/]: -Dio.netty.noUnsafe: false
[24окт.2025 23:02:29.676] [pool-7-thread-1/DEBUG] [io.netty.util.internal.PlatformDependent0/]: Java version: 21
[24окт.2025 23:02:29.677] [pool-7-thread-1/DEBUG] [io.netty.util.internal.PlatformDependent0/]: sun.misc.Unsafe.theUnsafe: available
[24окт.2025 23:02:29.678] [pool-7-thread-1/DEBUG] [io.netty.util.internal.PlatformDependent0/]: sun.misc.Unsafe.copyMemory: available
[24окт.2025 23:02:29.678] [pool-7-thread-1/DEBUG] [io.netty.util.internal.PlatformDependent0/]: sun.misc.Unsafe.storeFence: available
[24окт.2025 23:02:29.679] [pool-7-thread-1/DEBUG] [io.netty.util.internal.PlatformDependent0/]: java.nio.Buffer.address: available
[24окт.2025 23:02:29.680] [pool-7-thread-1/DEBUG] [io.netty.util.internal.PlatformDependent0/]: direct buffer constructor: unavailable: Reflective setAccessible(true) disabled
[24окт.2025 23:02:29.681] [pool-7-thread-1/DEBUG] [io.netty.util.internal.PlatformDependent0/]: java.nio.Bits.unaligned: available, true
[24окт.2025 23:02:29.682] [pool-7-thread-1/DEBUG] [io.netty.util.internal.PlatformDependent0/]: jdk.internal.misc.Unsafe.allocateUninitializedArray(int): unavailable: class io.netty.util.internal.PlatformDependent0$7 (in module io.netty.common) cannot access class jdk.internal.misc.Unsafe (in module java.base) because module java.base does not export jdk.internal.misc to module io.netty.common
[24окт.2025 23:02:29.683] [pool-7-thread-1/DEBUG] [io.netty.util.internal.PlatformDependent0/]: java.nio.DirectByteBuffer.<init>(long, {int,long}): unavailable
[24окт.2025 23:02:29.683] [pool-7-thread-1/DEBUG] [io.netty.util.internal.PlatformDependent/]: sun.misc.Unsafe: available
[24окт.2025 23:02:29.684] [pool-7-thread-1/DEBUG] [io.netty.util.internal.PlatformDependent/]: maxDirectMemory: 8547991552 bytes (maybe)
[24окт.2025 23:02:29.684] [pool-7-thread-1/DEBUG] [io.netty.util.internal.PlatformDependent/]: -Dio.netty.tmpdir: C:\Users\xXx\AppData\Local\Temp (java.io.tmpdir)
[24окт.2025 23:02:29.684] [pool-7-thread-1/DEBUG] [io.netty.util.internal.PlatformDependent/]: -Dio.netty.bitMode: 64 (sun.arch.data.model)
[24окт.2025 23:02:29.684] [pool-7-thread-1/DEBUG] [io.netty.util.internal.PlatformDependent/]: Platform: Windows
[24окт.2025 23:02:29.685] [pool-7-thread-1/DEBUG] [io.netty.util.internal.PlatformDependent/]: -Dio.netty.maxDirectMemory: -1 bytes
[24окт.2025 23:02:29.685] [pool-7-thread-1/DEBUG] [io.netty.util.internal.PlatformDependent/]: -Dio.netty.uninitializedArrayAllocationThreshold: -1
[24окт.2025 23:02:29.688] [pool-7-thread-1/DEBUG] [io.netty.util.internal.CleanerJava9/]: java.nio.ByteBuffer.cleaner(): available
[24окт.2025 23:02:29.688] [pool-7-thread-1/DEBUG] [io.netty.util.internal.PlatformDependent/]: -Dio.netty.noPreferDirect: false
[24окт.2025 23:02:32.181] [main/WARN] [net.minecraft.commands.Commands/]: Ambiguity between arguments [teleport, location] and [teleport, destination] with inputs: [0.1 -0.5 .9, 0 0 0]
[24окт.2025 23:02:32.183] [main/WARN] [net.minecraft.commands.Commands/]: Ambiguity between arguments [teleport, location] and [teleport, targets] with inputs: [0.1 -0.5 .9, 0 0 0]
[24окт.2025 23:02:32.185] [main/WARN] [net.minecraft.commands.Commands/]: Ambiguity between arguments [teleport, destination] and [teleport, targets] with inputs: [Player, 0123, @e, dd12be42-52a9-4a91-a8a1-11c01849e498]
[24окт.2025 23:02:32.187] [main/WARN] [net.minecraft.commands.Commands/]: Ambiguity between arguments [teleport, targets] and [teleport, destination] with inputs: [Player, 0123, dd12be42-52a9-4a91-a8a1-11c01849e498]
[24окт.2025 23:02:32.188] [main/WARN] [net.minecraft.commands.Commands/]: Ambiguity between arguments [teleport, targets, location] and [teleport, targets, destination] with inputs: [0.1 -0.5 .9, 0 0 0]
[24окт.2025 23:02:32.325] [Render thread/WARN] [net.minecraft.server.packs.VanillaPackResourcesBuilder/]: Assets URL 'union:/C:/Users/xXx/Desktop/Mods_Sources/ComplexityAnalyzer/build/moddev/artifacts/neoforge-21.1.209.jar%23189!/assets/.mcassetsroot' uses unexpected schema
[24окт.2025 23:02:32.326] [Render thread/WARN] [net.minecraft.server.packs.VanillaPackResourcesBuilder/]: Assets URL 'union:/C:/Users/xXx/Desktop/Mods_Sources/ComplexityAnalyzer/build/moddev/artifacts/neoforge-21.1.209.jar%23189!/data/.mcassetsroot' uses unexpected schema
[24окт.2025 23:02:32.351] [Render thread/INFO] [com.mojang.authlib.yggdrasil.YggdrasilAuthenticationService/]: Environment: Environment[sessionHost=https://sessionserver.mojang.com, servicesHost=https://api.minecraftservices.com, name=PROD]
[24окт.2025 23:02:32.363] [Render thread/INFO] [net.minecraft.client.Minecraft/]: Setting user: Dev
[24окт.2025 23:02:32.462] [Render thread/INFO] [net.minecraft.client.Minecraft/]: Backend library: LWJGL version 3.3.3+5
[24окт.2025 23:02:32.648] [Render thread/DEBUG] [net.neoforged.fml.ModWorkManager/LOADING]: Using 12 threads for parallel mod-loading
[24окт.2025 23:02:32.664] [Render thread/DEBUG] [net.neoforged.fml.javafmlmod.FMLModContainer/LOADING]: Creating FMLModContainer instance for [org.complexityanalyzer.ComplexityAnalyzer]
[24окт.2025 23:02:32.667] [Render thread/DEBUG] [net.neoforged.fml.javafmlmod.FMLModContainer/LOADING]: Creating FMLModContainer instance for [net.neoforged.neoforge.common.NeoForgeMod, net.neoforged.neoforge.client.ClientNeoForgeMod]
[24окт.2025 23:02:32.678] [modloading-worker-0/INFO] [Complexity Analyzer/]: === Complexity Analyzer v1.0.0-FINAL ===
[24окт.2025 23:02:32.697] [modloading-worker-0/DEBUG] [net.neoforged.fml.config.ConfigTracker/CONFIG]: Config file complexityanalyzer-common.toml for complexityanalyzer tracking
[24окт.2025 23:02:32.697] [modloading-worker-0/DEBUG] [net.neoforged.neoforge.internal.versions.neoforge.NeoForgeVersion/CORE]: Found NeoForge version 21.1.209
[24окт.2025 23:02:32.698] [modloading-worker-0/DEBUG] [net.neoforged.neoforge.internal.versions.neoforge.NeoForgeVersion/CORE]: Found FML version 4.0.41
[24окт.2025 23:02:32.698] [modloading-worker-0/INFO] [net.neoforged.neoforge.common.NeoForgeMod/NEOFORGE-MOD]: NeoForge mod loading, version 21.1.209, for MC 1.21.1
[24окт.2025 23:02:32.706] [modloading-worker-0/INFO] [Complexity Analyzer/]: Complexity Analyzer initialized successfully.
[24окт.2025 23:02:32.707] [modloading-worker-0/DEBUG] [net.neoforged.fml.javafmlmod.AutomaticEventSubscriber/LOADING]: Attempting to inject @EventBusSubscriber classes into the eventbus for complexityanalyzer
[24окт.2025 23:02:32.708] [modloading-worker-0/DEBUG] [net.neoforged.fml.javafmlmod.AutomaticEventSubscriber/LOADING]: Scanning class org.complexityanalyzer.command.ComplexityCommand for @SubscribeEvent-annotated methods
[24окт.2025 23:02:32.718] [modloading-worker-0/DEBUG] [net.neoforged.fml.javafmlmod.AutomaticEventSubscriber/]: Subscribing @EventBusSubscriber class Lorg/complexityanalyzer/command/ComplexityCommand; to the game event bus
[24окт.2025 23:02:32.721] [modloading-worker-0/DEBUG] [net.neoforged.fml.javafmlmod.AutomaticEventSubscriber/LOADING]: Scanning class org.complexityanalyzer.event.DatapackSyncHandler for @SubscribeEvent-annotated methods
[24окт.2025 23:02:32.721] [modloading-worker-0/DEBUG] [net.neoforged.fml.javafmlmod.AutomaticEventSubscriber/]: Subscribing @EventBusSubscriber class Lorg/complexityanalyzer/event/DatapackSyncHandler; to the game event bus
[24окт.2025 23:02:32.726] [modloading-worker-0/DEBUG] [net.neoforged.fml.config.ConfigTracker/CONFIG]: Config file neoforge-client.toml for neoforge tracking
[24окт.2025 23:02:32.726] [modloading-worker-0/DEBUG] [net.neoforged.fml.config.ConfigTracker/CONFIG]: Config file neoforge-server.toml for neoforge tracking
[24окт.2025 23:02:32.726] [modloading-worker-0/DEBUG] [net.neoforged.fml.config.ConfigTracker/CONFIG]: Config file neoforge-common.toml for neoforge tracking
[24окт.2025 23:02:32.805] [modloading-worker-0/DEBUG] [net.neoforged.fml.javafmlmod.AutomaticEventSubscriber/LOADING]: Attempting to inject @EventBusSubscriber classes into the eventbus for neoforge
[24окт.2025 23:02:32.806] [modloading-worker-0/DEBUG] [net.neoforged.fml.javafmlmod.AutomaticEventSubscriber/LOADING]: Scanning class net.neoforged.neoforge.server.command.ConfigCommand for @SubscribeEvent-annotated methods
[24окт.2025 23:02:32.806] [modloading-worker-0/DEBUG] [net.neoforged.fml.javafmlmod.AutomaticEventSubscriber/]: Subscribing @EventBusSubscriber class Lnet/neoforged/neoforge/server/command/ConfigCommand; to the game event bus
[24окт.2025 23:02:32.807] [modloading-worker-0/DEBUG] [net.neoforged.fml.javafmlmod.AutomaticEventSubscriber/LOADING]: Scanning class net.neoforged.neoforge.network.filters.GenericPacketSplitter for @SubscribeEvent-annotated methods
[24окт.2025 23:02:32.831] [modloading-worker-0/DEBUG] [io.netty.buffer.AbstractByteBuf/]: -Dio.netty.buffer.checkAccessible: true
[24окт.2025 23:02:32.831] [modloading-worker-0/DEBUG] [io.netty.buffer.AbstractByteBuf/]: -Dio.netty.buffer.checkBounds: true
[24окт.2025 23:02:32.832] [modloading-worker-0/DEBUG] [io.netty.util.ResourceLeakDetectorFactory/]: Loaded default ResourceLeakDetector: io.netty.util.ResourceLeakDetector@583cb91c
[24окт.2025 23:02:32.845] [modloading-worker-0/DEBUG] [io.netty.util.internal.InternalThreadLocalMap/]: -Dio.netty.threadLocalMap.stringBuilder.initialSize: 1024
[24окт.2025 23:02:32.845] [modloading-worker-0/DEBUG] [io.netty.util.internal.InternalThreadLocalMap/]: -Dio.netty.threadLocalMap.stringBuilder.maxSize: 4096
[24окт.2025 23:02:32.847] [modloading-worker-0/DEBUG] [io.netty.buffer.PooledByteBufAllocator/]: -Dio.netty.allocator.numHeapArenas: 24
[24окт.2025 23:02:32.848] [modloading-worker-0/DEBUG] [io.netty.buffer.PooledByteBufAllocator/]: -Dio.netty.allocator.numDirectArenas: 24
[24окт.2025 23:02:32.848] [modloading-worker-0/DEBUG] [io.netty.buffer.PooledByteBufAllocator/]: -Dio.netty.allocator.pageSize: 8192
[24окт.2025 23:02:32.848] [modloading-worker-0/DEBUG] [io.netty.buffer.PooledByteBufAllocator/]: -Dio.netty.allocator.maxOrder: 9
[24окт.2025 23:02:32.848] [modloading-worker-0/DEBUG] [io.netty.buffer.PooledByteBufAllocator/]: -Dio.netty.allocator.chunkSize: 4194304
[24окт.2025 23:02:32.848] [modloading-worker-0/DEBUG] [io.netty.buffer.PooledByteBufAllocator/]: -Dio.netty.allocator.smallCacheSize: 256
[24окт.2025 23:02:32.848] [modloading-worker-0/DEBUG] [io.netty.buffer.PooledByteBufAllocator/]: -Dio.netty.allocator.normalCacheSize: 64
[24окт.2025 23:02:32.848] [modloading-worker-0/DEBUG] [io.netty.buffer.PooledByteBufAllocator/]: -Dio.netty.allocator.maxCachedBufferCapacity: 32768
[24окт.2025 23:02:32.848] [modloading-worker-0/DEBUG] [io.netty.buffer.PooledByteBufAllocator/]: -Dio.netty.allocator.cacheTrimInterval: 8192
[24окт.2025 23:02:32.848] [modloading-worker-0/DEBUG] [io.netty.buffer.PooledByteBufAllocator/]: -Dio.netty.allocator.cacheTrimIntervalMillis: 0
[24окт.2025 23:02:32.849] [modloading-worker-0/DEBUG] [io.netty.buffer.PooledByteBufAllocator/]: -Dio.netty.allocator.useCacheForAllThreads: false
[24окт.2025 23:02:32.849] [modloading-worker-0/DEBUG] [io.netty.buffer.PooledByteBufAllocator/]: -Dio.netty.allocator.maxCachedByteBuffersPerChunk: 1023
[24окт.2025 23:02:32.856] [modloading-worker-0/DEBUG] [io.netty.buffer.ByteBufUtil/]: -Dio.netty.allocator.type: pooled
[24окт.2025 23:02:32.856] [modloading-worker-0/DEBUG] [io.netty.buffer.ByteBufUtil/]: -Dio.netty.threadLocalDirectBufferSize: 0
[24окт.2025 23:02:32.857] [modloading-worker-0/DEBUG] [io.netty.buffer.ByteBufUtil/]: -Dio.netty.maxThreadLocalCharBufferSize: 16384
[24окт.2025 23:02:32.861] [modloading-worker-0/DEBUG] [net.neoforged.fml.javafmlmod.AutomaticEventSubscriber/]: Subscribing @EventBusSubscriber class Lnet/neoforged/neoforge/network/filters/GenericPacketSplitter; to the mod event bus of mod neoforge
[24окт.2025 23:02:32.864] [modloading-worker-0/DEBUG] [net.neoforged.fml.javafmlmod.AutomaticEventSubscriber/LOADING]: Scanning class net.neoforged.neoforge.network.NetworkInitialization for @SubscribeEvent-annotated methods
[24окт.2025 23:02:32.864] [modloading-worker-0/DEBUG] [net.neoforged.fml.javafmlmod.AutomaticEventSubscriber/]: Subscribing @EventBusSubscriber class Lnet/neoforged/neoforge/network/NetworkInitialization; to the mod event bus of mod neoforge
[24окт.2025 23:02:32.865] [modloading-worker-0/DEBUG] [net.neoforged.fml.javafmlmod.AutomaticEventSubscriber/LOADING]: Scanning class net.neoforged.neoforge.network.ConfigurationInitialization for @SubscribeEvent-annotated methods
[24окт.2025 23:02:32.867] [modloading-worker-0/DEBUG] [net.neoforged.fml.javafmlmod.AutomaticEventSubscriber/]: Subscribing @EventBusSubscriber class Lnet/neoforged/neoforge/network/ConfigurationInitialization; to the mod event bus of mod neoforge
[24окт.2025 23:02:32.867] [modloading-worker-0/DEBUG] [net.neoforged.fml.javafmlmod.AutomaticEventSubscriber/LOADING]: Scanning class net.neoforged.neoforge.common.MonsterRoomHooks for @SubscribeEvent-annotated methods
[24окт.2025 23:02:32.868] [modloading-worker-0/DEBUG] [net.neoforged.fml.javafmlmod.AutomaticEventSubscriber/]: Subscribing @EventBusSubscriber class Lnet/neoforged/neoforge/common/MonsterRoomHooks; to the game event bus
[24окт.2025 23:02:32.868] [modloading-worker-0/DEBUG] [net.neoforged.fml.javafmlmod.AutomaticEventSubscriber/LOADING]: Scanning class net.neoforged.neoforge.common.DeferredSpawnEggItem$CommonHandler for @SubscribeEvent-annotated methods
[24окт.2025 23:02:32.869] [modloading-worker-0/DEBUG] [net.neoforged.fml.javafmlmod.AutomaticEventSubscriber/]: Subscribing @EventBusSubscriber class Lnet/neoforged/neoforge/common/DeferredSpawnEggItem$CommonHandler; to the mod event bus of mod neoforge
[24окт.2025 23:02:32.869] [modloading-worker-0/DEBUG] [net.neoforged.fml.javafmlmod.AutomaticEventSubscriber/LOADING]: Scanning class net.neoforged.neoforge.common.DeferredSpawnEggItem$ColorRegisterHandler for @SubscribeEvent-annotated methods
[24окт.2025 23:02:32.870] [modloading-worker-0/DEBUG] [net.neoforged.fml.javafmlmod.AutomaticEventSubscriber/]: Subscribing @EventBusSubscriber class Lnet/neoforged/neoforge/common/DeferredSpawnEggItem$ColorRegisterHandler; to the mod event bus of mod neoforge
[24окт.2025 23:02:32.870] [modloading-worker-0/DEBUG] [net.neoforged.fml.javafmlmod.AutomaticEventSubscriber/LOADING]: Scanning class net.neoforged.neoforge.client.model.data.ModelDataManager for @SubscribeEvent-annotated methods
[24окт.2025 23:02:32.872] [modloading-worker-0/DEBUG] [net.neoforged.fml.javafmlmod.AutomaticEventSubscriber/]: Subscribing @EventBusSubscriber class Lnet/neoforged/neoforge/client/model/data/ModelDataManager; to the game event bus
[24окт.2025 23:02:32.873] [modloading-worker-0/DEBUG] [net.neoforged.fml.javafmlmod.AutomaticEventSubscriber/LOADING]: Scanning class net.neoforged.neoforge.client.ParticleBoundsDebugRenderer for @SubscribeEvent-annotated methods
[24окт.2025 23:02:32.875] [modloading-worker-0/DEBUG] [net.neoforged.fml.javafmlmod.AutomaticEventSubscriber/]: Subscribing @EventBusSubscriber class Lnet/neoforged/neoforge/client/ParticleBoundsDebugRenderer; to the game event bus
[24окт.2025 23:02:32.875] [modloading-worker-0/DEBUG] [net.neoforged.fml.javafmlmod.AutomaticEventSubscriber/LOADING]: Scanning class net.neoforged.neoforge.client.ClientHooks$ClientEvents for @SubscribeEvent-annotated methods
[24окт.2025 23:02:32.877] [modloading-worker-0/DEBUG] [net.neoforged.fml.javafmlmod.AutomaticEventSubscriber/]: Subscribing @EventBusSubscriber class Lnet/neoforged/neoforge/client/ClientHooks$ClientEvents; to the mod event bus of mod neoforge
[24окт.2025 23:02:32.878] [modloading-worker-0/DEBUG] [net.neoforged.fml.javafmlmod.AutomaticEventSubscriber/LOADING]: Scanning class net.neoforged.neoforge.client.BlockEntityRenderBoundsDebugRenderer for @SubscribeEvent-annotated methods
[24окт.2025 23:02:32.878] [modloading-worker-0/DEBUG] [net.neoforged.fml.javafmlmod.AutomaticEventSubscriber/]: Subscribing @EventBusSubscriber class Lnet/neoforged/neoforge/client/BlockEntityRenderBoundsDebugRenderer; to the game event bus
[24окт.2025 23:02:32.879] [modloading-worker-0/DEBUG] [net.neoforged.fml.javafmlmod.AutomaticEventSubscriber/LOADING]: Scanning class net.neoforged.neoforge.attachment.AttachmentSync for @SubscribeEvent-annotated methods
[24окт.2025 23:02:32.882] [modloading-worker-0/DEBUG] [net.neoforged.fml.javafmlmod.AutomaticEventSubscriber/]: Subscribing @EventBusSubscriber class Lnet/neoforged/neoforge/attachment/AttachmentSync; to the game event bus
[24окт.2025 23:02:32.882] [modloading-worker-0/DEBUG] [net.neoforged.fml.javafmlmod.AutomaticEventSubscriber/LOADING]: Scanning class net.neoforged.neoforge.attachment.AttachmentInternals for @SubscribeEvent-annotated methods
[24окт.2025 23:02:32.883] [modloading-worker-0/DEBUG] [net.neoforged.fml.javafmlmod.AutomaticEventSubscriber/]: Subscribing @EventBusSubscriber class Lnet/neoforged/neoforge/attachment/AttachmentInternals; to the game event bus
[24окт.2025 23:02:33.041] [modloading-sync-worker/DEBUG] [net.neoforged.fml.config.ConfigTracker/CONFIG]: Loading configs type CLIENT
[24окт.2025 23:02:33.049] [modloading-sync-worker/DEBUG] [net.neoforged.neoforge.common.NeoForgeConfig/FORGEMOD]: Loaded NeoForge config file neoforge-client.toml
[24окт.2025 23:02:33.050] [modloading-sync-worker/DEBUG] [net.neoforged.fml.config.ConfigTracker/CONFIG]: Loaded TOML config file C:\Users\xXx\Desktop\Mods_Sources\ComplexityAnalyzer\run\config\neoforge-client.toml
[24окт.2025 23:02:33.057] [modloading-sync-worker/DEBUG] [net.neoforged.fml.config.ConfigTracker/CONFIG]: Watching TOML config file C:\Users\xXx\Desktop\Mods_Sources\ComplexityAnalyzer\run\config\neoforge-client.toml for changes
[24окт.2025 23:02:33.057] [modloading-sync-worker/DEBUG] [net.neoforged.fml.config.ConfigTracker/CONFIG]: Loading configs type COMMON
[24окт.2025 23:02:33.058] [modloading-sync-worker/DEBUG] [net.neoforged.fml.config.ConfigTracker/CONFIG]: Loaded TOML config file C:\Users\xXx\Desktop\Mods_Sources\ComplexityAnalyzer\run\config\complexityanalyzer-common.toml
[24окт.2025 23:02:33.059] [modloading-sync-worker/DEBUG] [net.neoforged.fml.config.ConfigTracker/CONFIG]: Watching TOML config file C:\Users\xXx\Desktop\Mods_Sources\ComplexityAnalyzer\run\config\complexityanalyzer-common.toml for changes
[24окт.2025 23:02:33.060] [modloading-sync-worker/DEBUG] [net.neoforged.neoforge.common.NeoForgeConfig/FORGEMOD]: Loaded NeoForge config file neoforge-common.toml
[24окт.2025 23:02:33.060] [modloading-sync-worker/DEBUG] [net.neoforged.fml.config.ConfigTracker/CONFIG]: Loaded TOML config file C:\Users\xXx\Desktop\Mods_Sources\ComplexityAnalyzer\run\config\neoforge-common.toml
[24окт.2025 23:02:33.061] [modloading-sync-worker/DEBUG] [net.neoforged.fml.config.ConfigTracker/CONFIG]: Watching TOML config file C:\Users\xXx\Desktop\Mods_Sources\ComplexityAnalyzer\run\config\neoforge-common.toml for changes
[24окт.2025 23:02:33.519] [Render thread/INFO] [net.neoforged.neoforge.gametest.GameTestHooks/]: Enabled Gametest Namespaces: [complexityanalyzer]
[24окт.2025 23:02:33.670] [Render thread/INFO] [net.minecraft.server.packs.resources.ReloadableResourceManager/]: Reloading ResourceManager: vanilla, mod_resources, mod/complexityanalyzer, mod/neoforge
[24окт.2025 23:02:33.755] [Render thread/DEBUG] [net.neoforged.fml.DeferredWorkQueue/LOADING]: Dispatching synchronous work for work queue Common setup: 1 jobs
[24окт.2025 23:02:33.757] [Render thread/DEBUG] [net.neoforged.fml.DeferredWorkQueue/LOADING]: Synchronous work queue completed in 887.4 μs
[24окт.2025 23:02:33.797] [Worker-Main-3/INFO] [net.minecraft.client.gui.font.providers.UnihexProvider/]: Found unifont_all_no_pua-15.1.05.hex, loading
[24окт.2025 23:02:34.091] [Worker-Main-10/INFO] [net.minecraft.client.gui.font.providers.UnihexProvider/]: Found unifont_jp_patch-15.1.05.hex, loading
[24окт.2025 23:02:35.299] [Render thread/WARN] [net.minecraft.client.sounds.SoundEngine/]: Missing sound for event: minecraft:item.goat_horn.play
[24окт.2025 23:02:35.299] [Render thread/WARN] [net.minecraft.client.sounds.SoundEngine/]: Missing sound for event: minecraft:entity.goat.screaming.horn_break
[24окт.2025 23:02:35.334] [Render thread/INFO] [com.mojang.blaze3d.audio.Library/]: OpenAL initialized on device OpenAL Soft on Динамики (Realtek(R) Audio)
[24окт.2025 23:02:35.334] [Render thread/INFO] [net.minecraft.client.sounds.SoundEngine/SOUNDS]: Sound engine started
[24окт.2025 23:02:35.418] [Render thread/INFO] [net.minecraft.client.renderer.texture.TextureAtlas/]: Created: 1024x512x4 minecraft:textures/atlas/blocks.png-atlas
[24окт.2025 23:02:35.424] [Render thread/INFO] [net.minecraft.client.renderer.texture.TextureAtlas/]: Created: 256x256x4 minecraft:textures/atlas/signs.png-atlas
[24окт.2025 23:02:35.425] [Render thread/INFO] [net.minecraft.client.renderer.texture.TextureAtlas/]: Created: 512x512x4 minecraft:textures/atlas/shield_patterns.png-atlas
[24окт.2025 23:02:35.425] [Render thread/INFO] [net.minecraft.client.renderer.texture.TextureAtlas/]: Created: 512x512x4 minecraft:textures/atlas/banner_patterns.png-atlas
[24окт.2025 23:02:35.426] [Render thread/INFO] [net.minecraft.client.renderer.texture.TextureAtlas/]: Created: 1024x1024x4 minecraft:textures/atlas/armor_trims.png-atlas
[24окт.2025 23:02:35.428] [Render thread/INFO] [net.minecraft.client.renderer.texture.TextureAtlas/]: Created: 128x64x4 minecraft:textures/atlas/decorated_pot.png-atlas
[24окт.2025 23:02:35.429] [Render thread/INFO] [net.minecraft.client.renderer.texture.TextureAtlas/]: Created: 256x256x4 minecraft:textures/atlas/chest.png-atlas
[24окт.2025 23:02:35.429] [Render thread/INFO] [net.minecraft.client.renderer.texture.TextureAtlas/]: Created: 512x256x4 minecraft:textures/atlas/shulker_boxes.png-atlas
[24окт.2025 23:02:35.429] [Render thread/INFO] [net.minecraft.client.renderer.texture.TextureAtlas/]: Created: 512x256x4 minecraft:textures/atlas/beds.png-atlas
[24окт.2025 23:02:35.639] [Render thread/INFO] [net.minecraft.client.renderer.texture.TextureAtlas/]: Created: 512x256x0 minecraft:textures/atlas/particles.png-atlas
[24окт.2025 23:02:35.640] [Render thread/INFO] [net.minecraft.client.renderer.texture.TextureAtlas/]: Created: 512x256x0 minecraft:textures/atlas/paintings.png-atlas
[24окт.2025 23:02:35.640] [Render thread/INFO] [net.minecraft.client.renderer.texture.TextureAtlas/]: Created: 256x128x0 minecraft:textures/atlas/mob_effects.png-atlas
[24окт.2025 23:02:35.640] [Render thread/INFO] [net.minecraft.client.renderer.texture.TextureAtlas/]: Created: 64x64x0 minecraft:textures/atlas/map_decorations.png-atlas
[24окт.2025 23:02:35.641] [Render thread/INFO] [net.minecraft.client.renderer.texture.TextureAtlas/]: Created: 1024x512x0 minecraft:textures/atlas/gui.png-atlas
[24окт.2025 23:02:35.661] [Render thread/WARN] [net.minecraft.client.renderer.ShaderInstance/]: Shader rendertype_entity_translucent_emissive could not find sampler named Sampler2 in the specified shader program.
[24окт.2025 23:02:35.710] [Render thread/INFO] [net.neoforged.neoforge.client.entity.animation.json.AnimationLoader/]: Loaded 0 entity animations
[24окт.2025 23:02:40.074] [Worker-Main-11/INFO] [Complexity Analyzer/]: Registered /complexity command with role-based permissions
[24окт.2025 23:02:40.220] [Render thread/INFO] [net.minecraft.world.item.crafting.RecipeManager/]: Loaded 1290 recipes
[24окт.2025 23:02:40.368] [Render thread/INFO] [net.minecraft.advancements.AdvancementTree/]: Loaded 1399 advancements
[24окт.2025 23:02:40.663] [Render thread/DEBUG] [net.neoforged.neoforge.common.CommonHooks/WP]: Gathered mod list to write to world save тетс
[24окт.2025 23:02:40.700] [Server thread/INFO] [net.minecraft.client.server.IntegratedServer/]: Starting integrated minecraft server version 1.21.1
[24окт.2025 23:02:40.700] [Server thread/INFO] [net.minecraft.server.MinecraftServer/]: Generating keypair
[24окт.2025 23:02:40.746] [Server thread/DEBUG] [net.neoforged.fml.config.ConfigTracker/CONFIG]: Loading configs type SERVER
[24окт.2025 23:02:40.747] [Server thread/DEBUG] [net.neoforged.neoforge.common.NeoForgeConfig/FORGEMOD]: Loaded NeoForge config file neoforge-server.toml
[24окт.2025 23:02:40.747] [Server thread/DEBUG] [net.neoforged.fml.config.ConfigTracker/CONFIG]: Loaded TOML config file C:\Users\xXx\Desktop\Mods_Sources\ComplexityAnalyzer\run\config\neoforge-server.toml
[24окт.2025 23:02:40.748] [Server thread/DEBUG] [net.neoforged.fml.config.ConfigTracker/CONFIG]: Watching TOML config file C:\Users\xXx\Desktop\Mods_Sources\ComplexityAnalyzer\run\config\neoforge-server.toml for changes
[24окт.2025 23:02:41.588] [Server thread/INFO] [net.minecraft.server.MinecraftServer/]: Preparing start region for dimension minecraft:overworld
[24окт.2025 23:02:41.866] [progressListener/INFO] [net.minecraft.server.level.progress.LoggerChunkProgressListener/]: Подготовка области возрождения: 0%
[24окт.2025 23:02:42.032] [Server thread/INFO] [net.neoforged.neoforge.server.permission.PermissionAPI/]: Successfully initialized permission handler neoforge:default_handler
[24окт.2025 23:02:42.036] [Server thread/INFO] [Complexity Analyzer/]: Creating new analysis thread pool.
[24окт.2025 23:02:42.036] [Server thread/INFO] [Complexity Analyzer/]: Starting background analysis...
[24окт.2025 23:02:42.037] [Complexity-Analysis-Thread/INFO] [Complexity Analyzer/]: Building recipe graph...
[24окт.2025 23:02:42.038] [Complexity-Analysis-Thread/INFO] [Complexity Analyzer/]: Building recipe graph with advanced classification...
[24окт.2025 23:02:42.040] [progressListener/INFO] [net.minecraft.server.level.progress.LoggerChunkProgressListener/]: Time elapsed: 438 ms
[24окт.2025 23:02:42.069] [Complexity-Analysis-Thread/INFO] [Complexity Analyzer/]: Recipe graph built: 1259 recipes processed, 31 skipped
[24окт.2025 23:02:42.069] [Complexity-Analysis-Thread/INFO] [Complexity Analyzer/]: === [State: ANALYZING] Starting FAST initial analysis ===
[24окт.2025 23:02:42.070] [Complexity-Analysis-Thread/INFO] [Complexity Analyzer/]: Initializing BlockPropertyProvider...
[24окт.2025 23:02:42.076] [Complexity-Analysis-Thread/INFO] [Complexity Analyzer/]: BlockPropertyProvider initialized, analyzed 1060 blocks.
[24окт.2025 23:02:42.077] [Complexity-Analysis-Thread/INFO] [Complexity Analyzer/]: Initializing MobPropertyProvider...
[24окт.2025 23:02:42.078] [Complexity-Analysis-Thread/INFO] [Complexity Analyzer/]: MobPropertyProvider initialized, analyzed 84 entities.
[24окт.2025 23:02:42.089] [Complexity-Analysis-Thread/INFO] [Complexity Analyzer/]: Loading all final geo-data from disk...
[24окт.2025 23:02:42.106] [Complexity-Analysis-Thread/DEBUG] [Complexity Analyzer/]: Rebuilding global cache from 63 biome data entries...
[24окт.2025 23:02:42.107] [Complexity-Analysis-Thread/DEBUG] [Complexity Analyzer/]: Cache rebuild: 10% complete
[24окт.2025 23:02:42.107] [Complexity-Analysis-Thread/DEBUG] [Complexity Analyzer/]: Cache rebuild: 20% complete
[24окт.2025 23:02:42.107] [Complexity-Analysis-Thread/DEBUG] [Complexity Analyzer/]: Cache rebuild: 30% complete
[24окт.2025 23:02:42.108] [Complexity-Analysis-Thread/DEBUG] [Complexity Analyzer/]: Cache rebuild: 40% complete
[24окт.2025 23:02:42.108] [Complexity-Analysis-Thread/DEBUG] [Complexity Analyzer/]: Cache rebuild: 50% complete
[24окт.2025 23:02:42.108] [Complexity-Analysis-Thread/DEBUG] [Complexity Analyzer/]: Cache rebuild: 60% complete
[24окт.2025 23:02:42.108] [Complexity-Analysis-Thread/DEBUG] [Complexity Analyzer/]: Cache rebuild: 70% complete
[24окт.2025 23:02:42.108] [Complexity-Analysis-Thread/DEBUG] [Complexity Analyzer/]: Cache rebuild: 80% complete
[24окт.2025 23:02:42.108] [Complexity-Analysis-Thread/DEBUG] [Complexity Analyzer/]: Cache rebuild: 90% complete
[24окт.2025 23:02:42.108] [Complexity-Analysis-Thread/DEBUG] [Complexity Analyzer/]: Cache rebuild: 100% complete
[24окт.2025 23:02:42.108] [Complexity-Analysis-Thread/INFO] [Complexity Analyzer/]: Global block rarity cache rebuilt. Total blocks counted: 191046674
[24окт.2025 23:02:42.108] [Complexity-Analysis-Thread/INFO] [Complexity Analyzer/]: Finished loading geo-data. Found data for 3 dimensions.
[24окт.2025 23:02:42.110] [Complexity-Analysis-Thread/DEBUG] [Complexity Analyzer/]: Initializing TheoreticalDistributionProvider (WorldGen Analysis)...
[24окт.2025 23:02:42.124] [Complexity-Analysis-Thread/INFO] [Complexity Analyzer/]: TheoreticalDistributionProvider initialized: 23 blocks found in worldgen config.
[24окт.2025 23:02:42.125] [Complexity-Analysis-Thread/INFO] [Complexity Analyzer/]: GeoDatabase loaded, skipping theoretical resources.
[24окт.2025 23:02:42.131] [Server thread/INFO] [net.minecraft.client.server.IntegratedServer/]: Changing view distance to 2, from 10
[24окт.2025 23:02:42.131] [Server thread/INFO] [net.minecraft.client.server.IntegratedServer/]: Changing simulation distance to 5, from 0
[24окт.2025 23:02:42.134] [Complexity-Analysis-Thread/INFO] [Complexity Analyzer/]: Resource sources configured. Initializing all...
[24окт.2025 23:02:42.134] [Complexity-Analysis-Thread/DEBUG] [Complexity Analyzer/]: Initialized resource source: EmpiricalBlockSource
[24окт.2025 23:02:42.134] [Complexity-Analysis-Thread/DEBUG] [Complexity Analyzer/]: Initializing VillagerTradeSource by analyzing all trades via reflection...
[24окт.2025 23:02:42.164] [Render thread/DEBUG] [io.netty.channel.MultithreadEventLoopGroup/]: -Dio.netty.eventLoopThreads: 24
[24окт.2025 23:02:42.180] [Render thread/DEBUG] [io.netty.util.concurrent.GlobalEventExecutor/]: -Dio.netty.globalEventExecutor.quietPeriodSeconds: 1
[24окт.2025 23:02:42.197] [Render thread/DEBUG] [io.netty.channel.nio.NioEventLoop/]: -Dio.netty.noKeySetOptimization: false
[24окт.2025 23:02:42.197] [Render thread/DEBUG] [io.netty.channel.nio.NioEventLoop/]: -Dio.netty.selectorAutoRebuildThreshold: 512
[24окт.2025 23:02:42.202] [Render thread/DEBUG] [io.netty.util.internal.PlatformDependent/]: org.jctools-core.MpscChunkedArrayQueue: available
[24окт.2025 23:02:42.242] [Render thread/DEBUG] [io.netty.channel.DefaultChannelId/]: -Dio.netty.processId: 642500 (auto-detected)
[24окт.2025 23:02:42.247] [Render thread/DEBUG] [io.netty.util.NetUtil/]: -Djava.net.preferIPv4Stack: false
[24окт.2025 23:02:42.247] [Render thread/DEBUG] [io.netty.util.NetUtil/]: -Djava.net.preferIPv6Addresses: system
[24окт.2025 23:02:42.251] [Render thread/DEBUG] [io.netty.util.NetUtilInitializations/]: Loopback interface: loopback_0 (Software Loopback Interface 1, 0:0:0:0:0:0:0:1)
[24окт.2025 23:02:42.252] [Render thread/DEBUG] [io.netty.util.NetUtil/]: Failed to get SOMAXCONN from sysctl and file \proc\sys\net\core\somaxconn. Default: 200
[24окт.2025 23:02:42.253] [Render thread/DEBUG] [io.netty.channel.DefaultChannelId/]: -Dio.netty.machineId: 10:ff:e0:ff:fe:a1:61:b7 (auto-detected)
[24окт.2025 23:02:42.340] [Render thread/DEBUG] [io.netty.util.Recycler/]: -Dio.netty.recycler.maxCapacityPerThread: 4096
[24окт.2025 23:02:42.340] [Render thread/DEBUG] [io.netty.util.Recycler/]: -Dio.netty.recycler.ratio: 8
[24окт.2025 23:02:42.340] [Render thread/DEBUG] [io.netty.util.Recycler/]: -Dio.netty.recycler.chunkSize: 32
[24окт.2025 23:02:42.341] [Render thread/DEBUG] [io.netty.util.Recycler/]: -Dio.netty.recycler.blocking: false
[24окт.2025 23:02:42.341] [Render thread/DEBUG] [io.netty.util.Recycler/]: -Dio.netty.recycler.batchFastThreadLocalOnly: true
[24окт.2025 23:02:42.473] [Netty Server IO #1/DEBUG] [net.neoforged.neoforge.network.filters.NetworkFilters/]: Injected net.neoforged.neoforge.network.filters.GenericPacketSplitter@5df78df6 into net.minecraft.network.Connection@2ef1e6e6
[24окт.2025 23:02:42.476] [Netty Local Client IO #0/DEBUG] [net.neoforged.neoforge.network.filters.NetworkFilters/]: Injected net.neoforged.neoforge.network.filters.GenericPacketSplitter@198b2f80 into net.minecraft.network.Connection@700d09a3
[24окт.2025 23:02:42.767] [Netty Server IO #1/DEBUG] [net.neoforged.neoforge.network.filters.NetworkFilters/]: Injected net.neoforged.neoforge.network.filters.GenericPacketSplitter@181e20b3 into net.minecraft.network.Connection@2ef1e6e6
[24окт.2025 23:02:42.827] [Server thread/INFO] [net.minecraft.server.players.PlayerList/]: Dev[local:E:cdc84a9c] logged in with entity id 137 at (-343.8532769477769, 69.0, 4.346509572829946)
[24окт.2025 23:02:42.888] [Server thread/INFO] [net.minecraft.server.MinecraftServer/]: Dev присоединился к игре
[24окт.2025 23:02:43.035] [Render thread/INFO] [net.minecraft.advancements.AdvancementTree/]: Loaded 32 advancements
[24окт.2025 23:02:50.591] [Render thread/INFO] [net.minecraft.client.gui.components.ChatComponent/]: [System] [CHAT] ⚠ Analysis engine is not ready yet!
[24окт.2025 23:02:56.800] [Render thread/INFO] [net.minecraft.client.gui.components.ChatComponent/]: [System] [CHAT] ⚠ Analysis engine is not ready yet!
[24окт.2025 23:03:30.350] [Complexity-Analysis-Thread/INFO] [Complexity Analyzer/]: VillagerTradeSource initialized. Found trades for 177 unique items.
[24окт.2025 23:03:30.350] [Complexity-Analysis-Thread/DEBUG] [Complexity Analyzer/]: Initialized resource source: VillagerTradeSource
[24окт.2025 23:03:30.350] [Server thread/DEBUG] [Complexity Analyzer/]: [ULS] Auto-scanning ALL loot tables (including mods)...
[24окт.2025 23:03:30.351] [Server thread/DEBUG] [Complexity Analyzer/]: [ULS] Found 1179 loot tables via reloadableRegistries.
[24окт.2025 23:03:30.352] [Server thread/DEBUG] [Complexity Analyzer/]: [ULS] Found 1179 total loot tables to analyze.
[24окт.2025 23:03:33.675] [Server thread/WARN] [Complexity Analyzer/]: [ULS] Simulation timeout for 'minecraft:chests/shipwreck_map' after 11 iterations. Skipping.
[24окт.2025 23:03:36.877] [Server thread/WARN] [Complexity Analyzer/]: [ULS] Simulation timeout for 'minecraft:chests/underwater_ruin_big' after 35 iterations. Skipping.
[24окт.2025 23:03:40.130] [Server thread/WARN] [Complexity Analyzer/]: [ULS] Simulation timeout for 'minecraft:chests/underwater_ruin_small' after 35 iterations. Skipping.
[24окт.2025 23:03:40.163] [Server thread/INFO] [Complexity Analyzer/]: [ULS] Auto-scan complete in 9813ms. Processed 87 loot tables (1092 skipped), found 388 unique items.
[24окт.2025 23:03:40.164] [Server thread/INFO] [Complexity Analyzer/]: [ULS]   Piglin Bartering -> 17 items
[24окт.2025 23:03:40.164] [Server thread/INFO] [Complexity Analyzer/]: [ULS]   Fishing -> 21 items
[24окт.2025 23:03:40.164] [Server thread/INFO] [Complexity Analyzer/]: [ULS]   Chest Loot -> 231 items
[24окт.2025 23:03:40.164] [Server thread/INFO] [Complexity Analyzer/]: [ULS]   Shearing -> 2 items
[24окт.2025 23:03:40.164] [Server thread/INFO] [Complexity Analyzer/]: [ULS]   Generic Loot -> 54 items
[24окт.2025 23:03:40.164] [Server thread/INFO] [Complexity Analyzer/]: [ULS]   Archaeology -> 63 items
[24окт.2025 23:03:40.164] [Server thread/WARN] [net.minecraft.server.MinecraftServer/]: Can't keep up! Is the server overloaded? Running 9774ms or 195 ticks behind
[24окт.2025 23:03:40.164] [Complexity-Analysis-Thread/DEBUG] [Complexity Analyzer/]: Initialized resource source: UniversalLootSource
[24окт.2025 23:03:40.164] [Complexity-Analysis-Thread/INFO] [Complexity Analyzer/]: [Block Break as Recipe] Initializing... Analyzing all block drop recipes.
[24окт.2025 23:03:40.166] [Complexity-Analysis-Thread/INFO] [Complexity Analyzer/]: [Block Break as Recipe] Successfully found RandomSource field: random
[24окт.2025 23:03:40.224] [Complexity-Analysis-Thread/DEBUG] [Complexity Analyzer/]: [Block Break as Recipe] Auto-learned renewable: Block{minecraft:gravel} (cost: 0.1, hardness: 0.6)
[24окт.2025 23:03:41.465] [Complexity-Analysis-Thread/INFO] [Complexity Analyzer/]: [Block Break as Recipe] Initialization complete in 1301ms. Found 2552 block drop paths for 98 unique items. Skipped 13 indestructible blocks.
[24окт.2025 23:03:41.466] [Complexity-Analysis-Thread/DEBUG] [Complexity Analyzer/]: Initialized resource source: Block Break as Recipe
[24окт.2025 23:03:41.466] [Server thread/DEBUG] [Complexity Analyzer/]: Initializing MobDropSource by simulating all mob loot tables...
[24окт.2025 23:03:41.861] [Server thread/INFO] [Complexity Analyzer/]: MobDropSource initialized. Processed 79 valid entities. Found drop info for 73 unique items. Time: 394ms
[24окт.2025 23:03:41.862] [Complexity-Analysis-Thread/DEBUG] [Complexity Analyzer/]: Initialized resource source: MobDropSource
[24окт.2025 23:03:41.862] [Complexity-Analysis-Thread/INFO] [Complexity Analyzer/]: All resource sources initialized.
[24окт.2025 23:03:41.862] [Complexity-Analysis-Thread/INFO] [Complexity Analyzer/]: Recalculating all complexity data...
[24окт.2025 23:03:41.862] [Complexity-Analysis-Thread/DEBUG] [Complexity Analyzer/]: ComplexityCache cleared (0 entries removed)
[24окт.2025 23:03:41.868] [Complexity-Analysis-Thread/DEBUG] [Complexity Analyzer/]: Starting enhanced iterative solver...
[24окт.2025 23:03:41.950] [Complexity-Analysis-Thread/INFO] [Complexity Analyzer/]: Enhanced solver finished: 81ms, 35 iterations, 1638 items processed
[24окт.2025 23:03:41.951] [Complexity-Analysis-Thread/DEBUG] [Complexity Analyzer/]: Cache stats: 6853 recipe calculations, 4225 cache hits (61,65% hit rate)
[24окт.2025 23:03:41.952] [Complexity-Analysis-Thread/INFO] [Complexity Analyzer/]: All systems refreshed with new data.
[24окт.2025 23:03:41.953] [Complexity-Analysis-Thread/INFO] [Complexity Analyzer/]: === [State: READY] Analysis complete. Mod is operational. ===
[24окт.2025 23:03:41.957] [Complexity-Analysis-Thread/INFO] [Complexity Analyzer/]: Analysis engine initialization complete.
[24окт.2025 23:03:41.959] [Complexity-Analysis-Thread/INFO] [Complexity Analyzer/]: GeoDatabase is complete. Skipping initial scan.
[24окт.2025 23:04:02.964] [Server thread/INFO] [net.minecraft.server.MinecraftServer/]: [ADMIN] Top 1 export by Dev
[24окт.2025 23:04:02.981] [Render thread/INFO] [net.minecraft.client.gui.components.ChatComponent/]: [System] [CHAT] 
[24окт.2025 23:04:02.981] [Render thread/INFO] [net.minecraft.client.gui.components.ChatComponent/]: [System] [CHAT] ═══════════════════════════════
[24окт.2025 23:04:02.981] [Render thread/INFO] [net.minecraft.client.gui.components.ChatComponent/]: [System] [CHAT] 🏆 TOP ITEMS EXPORT
[24окт.2025 23:04:02.983] [Render thread/INFO] [net.minecraft.client.gui.components.ChatComponent/]: [System] [CHAT] ═══════════════════════════════
[24окт.2025 23:04:02.984] [Render thread/INFO] [net.minecraft.client.gui.components.ChatComponent/]: [System] [CHAT] 
[24окт.2025 23:04:02.984] [Render thread/INFO] [net.minecraft.client.gui.components.ChatComponent/]: [System] [CHAT]   🔢 Count: 1 most complex items
[24окт.2025 23:04:02.984] [Render thread/INFO] [net.minecraft.client.gui.components.ChatComponent/]: [System] [CHAT]   🔄 Calculating and exporting...
[24окт.2025 23:04:02.984] [Render thread/INFO] [net.minecraft.client.gui.components.ChatComponent/]: [System] [CHAT] 
[24окт.2025 23:04:02.984] [Render thread/INFO] [net.minecraft.client.gui.components.ChatComponent/]: [System] [CHAT] [ADMIN] Top 1 export by Dev
[24окт.2025 23:04:03.000] [Server thread/INFO] [Complexity Analyzer/]: Exported top 1 items
[24окт.2025 23:04:03.006] [Render thread/INFO] [net.minecraft.client.gui.components.ChatComponent/]: [System] [CHAT]   ✓ Export successful!
[24окт.2025 23:04:03.006] [Render thread/INFO] [net.minecraft.client.gui.components.ChatComponent/]: [System] [CHAT] 
[24окт.2025 23:04:03.006] [Render thread/INFO] [net.minecraft.client.gui.components.ChatComponent/]: [System] [CHAT]   📁 File: complexity_top1_2025-10-24_23-04-02.json
[24окт.2025 23:04:03.007] [Render thread/INFO] [net.minecraft.client.gui.components.ChatComponent/]: [System] [CHAT]   💡 Top 1 most complex items exported
[24окт.2025 23:04:03.007] [Render thread/INFO] [net.minecraft.client.gui.components.ChatComponent/]: [System] [CHAT] 
[24окт.2025 23:04:03.007] [Render thread/INFO] [net.minecraft.client.gui.components.ChatComponent/]: [System] [CHAT] ═══════════════════════════════
[24окт.2025 23:04:07.716] [Render thread/INFO] [net.minecraft.client.gui.components.ChatComponent/]: [System] [CHAT] 
[24окт.2025 23:04:07.716] [Server thread/INFO] [net.minecraft.server.MinecraftServer/]: [ADMIN] CSV export initiated by Dev
[24окт.2025 23:04:07.716] [Render thread/INFO] [net.minecraft.client.gui.components.ChatComponent/]: [System] [CHAT] ═══════════════════════════════
[24окт.2025 23:04:07.717] [Render thread/INFO] [net.minecraft.client.gui.components.ChatComponent/]: [System] [CHAT] 📊 CSV EXPORT
[24окт.2025 23:04:07.717] [Render thread/INFO] [net.minecraft.client.gui.components.ChatComponent/]: [System] [CHAT] ═══════════════════════════════
[24окт.2025 23:04:07.717] [Render thread/INFO] [net.minecraft.client.gui.components.ChatComponent/]: [System] [CHAT] 
[24окт.2025 23:04:07.717] [Render thread/INFO] [net.minecraft.client.gui.components.ChatComponent/]: [System] [CHAT]   📋 Format: CSV (Comma-Separated Values)
[24окт.2025 23:04:07.717] [Render thread/INFO] [net.minecraft.client.gui.components.ChatComponent/]: [System] [CHAT]   📊 Items: 837
[24окт.2025 23:04:07.717] [Render thread/INFO] [net.minecraft.client.gui.components.ChatComponent/]: [System] [CHAT]   🔄 Exporting...
[24окт.2025 23:04:07.717] [Render thread/INFO] [net.minecraft.client.gui.components.ChatComponent/]: [System] [CHAT] 
[24окт.2025 23:04:07.717] [Render thread/INFO] [net.minecraft.client.gui.components.ChatComponent/]: [System] [CHAT] [ADMIN] CSV export initiated by Dev
[24окт.2025 23:04:07.728] [Server thread/INFO] [Complexity Analyzer/]: Exported 1333 items to CSV
[24окт.2025 23:04:07.728] [Server thread/INFO] [net.minecraft.server.MinecraftServer/]: [ADMIN] ✓ CSV export completed
[24окт.2025 23:04:07.742] [Render thread/INFO] [net.minecraft.client.gui.components.ChatComponent/]: [System] [CHAT]   ✓ CSV export successful!
[24окт.2025 23:04:07.742] [Render thread/INFO] [net.minecraft.client.gui.components.ChatComponent/]: [System] [CHAT] 
[24окт.2025 23:04:07.742] [Render thread/INFO] [net.minecraft.client.gui.components.ChatComponent/]: [System] [CHAT]   📁 File: complexity_export_2025-10-24_23-04-07.csv
[24окт.2025 23:04:07.742] [Render thread/INFO] [net.minecraft.client.gui.components.ChatComponent/]: [System] [CHAT]   💡 Use spreadsheet software to open
[24окт.2025 23:04:07.742] [Render thread/INFO] [net.minecraft.client.gui.components.ChatComponent/]: [System] [CHAT] 
[24окт.2025 23:04:07.742] [Render thread/INFO] [net.minecraft.client.gui.components.ChatComponent/]: [System] [CHAT] ═══════════════════════════════
[24окт.2025 23:04:07.742] [Render thread/INFO] [net.minecraft.client.gui.components.ChatComponent/]: [System] [CHAT] [ADMIN] ✓ CSV export completed
[24окт.2025 23:04:19.156] [Server thread/INFO] [net.minecraft.server.MinecraftServer/]: [ADMIN] Category export started: Mythical by Dev
[24окт.2025 23:04:19.158] [Server thread/INFO] [Complexity Analyzer/]: Exported 0 items of category Mythical
[24окт.2025 23:04:19.158] [Server thread/INFO] [net.minecraft.server.MinecraftServer/]: [ADMIN] ✓ Category export done: Mythical
[24окт.2025 23:04:19.166] [Render thread/INFO] [net.minecraft.client.gui.components.ChatComponent/]: [System] [CHAT] 
[24окт.2025 23:04:19.166] [Render thread/INFO] [net.minecraft.client.gui.components.ChatComponent/]: [System] [CHAT] ═══════════════════════════════
[24окт.2025 23:04:19.166] [Render thread/INFO] [net.minecraft.client.gui.components.ChatComponent/]: [System] [CHAT] 📦 CATEGORY EXPORT
[24окт.2025 23:04:19.166] [Render thread/INFO] [net.minecraft.client.gui.components.ChatComponent/]: [System] [CHAT] ═══════════════════════════════
[24окт.2025 23:04:19.167] [Render thread/INFO] [net.minecraft.client.gui.components.ChatComponent/]: [System] [CHAT] 
[24окт.2025 23:04:19.167] [Render thread/INFO] [net.minecraft.client.gui.components.ChatComponent/]: [System] [CHAT]   📋 Category: Mythical
[24окт.2025 23:04:19.167] [Render thread/INFO] [net.minecraft.client.gui.components.ChatComponent/]: [System] [CHAT]   🔄 Exporting...
[24окт.2025 23:04:19.167] [Render thread/INFO] [net.minecraft.client.gui.components.ChatComponent/]: [System] [CHAT] 
[24окт.2025 23:04:19.167] [Render thread/INFO] [net.minecraft.client.gui.components.ChatComponent/]: [System] [CHAT] [ADMIN] Category export started: Mythical by Dev
[24окт.2025 23:04:19.167] [Render thread/INFO] [net.minecraft.client.gui.components.ChatComponent/]: [System] [CHAT]   ✓ Export successful!
[24окт.2025 23:04:19.167] [Render thread/INFO] [net.minecraft.client.gui.components.ChatComponent/]: [System] [CHAT] 
[24окт.2025 23:04:19.167] [Render thread/INFO] [net.minecraft.client.gui.components.ChatComponent/]: [System] [CHAT]   📁 File: complexity_mythical_2025-10-24_23-04-19.json
[24окт.2025 23:04:19.167] [Render thread/INFO] [net.minecraft.client.gui.components.ChatComponent/]: [System] [CHAT] 
[24окт.2025 23:04:19.168] [Render thread/INFO] [net.minecraft.client.gui.components.ChatComponent/]: [System] [CHAT] ═══════════════════════════════
[24окт.2025 23:04:19.168] [Render thread/INFO] [net.minecraft.client.gui.components.ChatComponent/]: [System] [CHAT] [ADMIN] ✓ Category export done: Mythical
[24окт.2025 23:06:58.643] [Render thread/INFO] [net.minecraft.client.gui.components.ChatComponent/]: [System] [CHAT] No base resource data for: minecraft:acacia_boat
[24окт.2025 23:07:02.775] [Render thread/INFO] [net.minecraft.client.gui.components.ChatComponent/]: [System] [CHAT] === Base Resource Analysis ===
[24окт.2025 23:07:02.776] [Render thread/INFO] [net.minecraft.client.gui.components.ChatComponent/]: [System] [CHAT] Item: Листья акации
[24окт.2025 23:07:02.776] [Render thread/INFO] [net.minecraft.client.gui.components.ChatComponent/]: [System] [CHAT] 
[24окт.2025 23:07:02.776] [Render thread/INFO] [net.minecraft.client.gui.components.ChatComponent/]: [System] [CHAT] [Source]
[24окт.2025 23:07:02.776] [Render thread/INFO] [net.minecraft.client.gui.components.ChatComponent/]: [System] [CHAT]   Type: Empirical Block
[24окт.2025 23:07:02.776] [Render thread/INFO] [net.minecraft.client.gui.components.ChatComponent/]: [System] [CHAT]   Base Factor: 6,24
[24окт.2025 23:07:02.776] [Render thread/INFO] [net.minecraft.client.gui.components.ChatComponent/]: [System] [CHAT]   Details: Empirical Rarity: 0,001035%, Tool: WOOD
[24окт.2025 23:07:02.776] [Render thread/INFO] [net.minecraft.client.gui.components.ChatComponent/]: [System] [CHAT] 
[24окт.2025 23:07:02.776] [Render thread/INFO] [net.minecraft.client.gui.components.ChatComponent/]: [System] [CHAT] This is a base resource (no recipes)
[24окт.2025 23:07:11.031] [Render thread/INFO] [net.minecraft.client.Minecraft/]: Stopping!
[24окт.2025 23:07:11.051] [Server thread/INFO] [net.minecraft.server.network.ServerGamePacketListenerImpl/]: Dev lost connection: Отключение
[24окт.2025 23:07:11.051] [Server thread/INFO] [net.minecraft.server.MinecraftServer/]: Dev покинул игру
[24окт.2025 23:07:11.070] [Server thread/INFO] [net.minecraft.server.network.ServerCommonPacketListenerImpl/]: Stopping singleplayer server as player logged out
[24окт.2025 23:07:11.101] [Server thread/INFO] [Complexity Analyzer/]: Shutdown requested for AnalysisEngine.
[24окт.2025 23:07:11.101] [Server thread/INFO] [Complexity Analyzer/]: Shutting down GeoAnalysisManager...
[24окт.2025 23:07:11.101] [Server thread/INFO] [Complexity Analyzer/]: GeoAnalysisManager has been shut down.
[24окт.2025 23:07:11.101] [Server thread/INFO] [Complexity Analyzer/]: Shutting down analysis thread pool gracefully... Attempting to stabilize core.
[24окт.2025 23:07:11.102] [Server thread/INFO] [Complexity Analyzer/]: Graceful shutdown successful. Analysis core is stable.
[24окт.2025 23:07:11.102] [Server thread/INFO] [Complexity Analyzer/]: Analysis thread pool is now offline.
[24окт.2025 23:07:11.103] [Server thread/DEBUG] [Complexity Analyzer/]: ComplexityCache cleared (1333 entries removed)
[24окт.2025 23:07:11.103] [Server thread/INFO] [Complexity Analyzer/]: AnalysisEngine state reset to IDLE.
[24окт.2025 23:07:11.103] [Server thread/INFO] [net.minecraft.server.MinecraftServer/]: Stopping server
[24окт.2025 23:07:11.103] [Server thread/INFO] [net.minecraft.server.MinecraftServer/]: Saving players
[24окт.2025 23:07:11.103] [Server thread/INFO] [net.minecraft.server.MinecraftServer/]: Saving worlds
[24окт.2025 23:07:11.187] [Server thread/INFO] [net.minecraft.server.MinecraftServer/]: Saving chunks for level 'ServerLevel[тетс]'/minecraft:overworld
[24окт.2025 23:07:11.434] [Server thread/INFO] [net.minecraft.server.MinecraftServer/]: Saving chunks for level 'ServerLevel[тетс]'/minecraft:the_nether
[24окт.2025 23:07:11.439] [Server thread/INFO] [net.minecraft.server.MinecraftServer/]: Saving chunks for level 'ServerLevel[тетс]'/minecraft:the_end
[24окт.2025 23:07:11.446] [Server thread/DEBUG] [net.neoforged.neoforge.common.CommonHooks/WP]: Gathered mod list to write to world save тетс
[24окт.2025 23:07:11.450] [Server thread/INFO] [net.minecraft.server.MinecraftServer/]: ThreadedAnvilChunkStorage (тетс (1)): All chunks are saved
[24окт.2025 23:07:11.450] [Server thread/INFO] [net.minecraft.server.MinecraftServer/]: ThreadedAnvilChunkStorage (DIM-1): All chunks are saved
[24окт.2025 23:07:11.450] [Server thread/INFO] [net.minecraft.server.MinecraftServer/]: ThreadedAnvilChunkStorage (DIM1): All chunks are saved
[24окт.2025 23:07:11.450] [Server thread/INFO] [net.minecraft.server.MinecraftServer/]: ThreadedAnvilChunkStorage: All dimensions are saved
[24окт.2025 23:07:11.795] [Server thread/DEBUG] [net.neoforged.fml.config.ConfigTracker/CONFIG]: Unloading configs type SERVER
